# unit,quarterLength
# source,CPDL
# source_page,https://www.cpdl.org/wiki/index.php/O_mio_babbino_caro_(Giacomo_Puccini)
# license,CPDL
source_file,part,chord_index,pitch,note,start_quarter,duration_quarter,end_quarter,tie
O_Mio_Babbino_Caro_Puccini_SSA_v2.mxl,P4-Staff1,1,68,A-4,0.0,0.5,0.5,
O_Mio_Babbino_Caro_Puccini_SSA_v2.mxl,P4-Staff1,2,72,C5,0.0,0.5,0.5,
O_Mio_Babbino_Caro_Puccini_SSA_v2.mxl,P4-Staff1,3,80,A-5,0.0,0.5,0.5,
O_Mio_Babbino_Caro_Puccini_SSA_v2.mxl,P4-Staff2,1,44,A-2,0.0,0.25,0.25,
O_Mio_Babbino_Caro_Puccini_SSA_v2.mxl,P4-Staff2,1,48,C3,0.25,0.25,0.5,
O_Mio_Babbino_Caro_Puccini_SSA_v2.mxl,P4-Staff1,3,68,A-4,0.5,0.5,1.0,
O_Mio_Babbino_Caro_Puccini_SSA_v2.mxl,P4-Staff1,1,72,C5,0.5,0.5,1.0,
O_Mio_Babbino_Caro_Puccini_SSA_v2.mxl,P4-Staff1,2,80,A-5,0.5,0.5,1.0,
O_Mio_Babbino_Caro_Puccini_SSA_v2.mxl,P4-Staff2,1,51,E-3,0.5,0.25,0.75,
O_Mio_Babbino_Caro_Puccini_SSA_v2.mxl,P4-Staff2,1,56,A-3,0.75,0.25,1.0,
O_Mio_Babbino_Caro_Puccini_SSA_v2.mxl,P4-Staff1,1,68,A-4,1.0,0.5,1.5,
O_Mio_Babbino_Caro_Puccini_SSA_v2.mxl,P4-Staff1,3,72,C5,1.0,0.5,1.5,
O_Mio_Babbino_Caro_Puccini_SSA_v2.mxl,P4-Staff1,2,80,A-5,1.0,0.5,1.5,
O_Mio_Babbino_Caro_Puccini_SSA_v2.mxl,P4-Staff2,1,60,C4,1.0,0.25,1.25,
O_Mio_Babbino_Caro_Puccini_SSA_v2.mxl,P4-Staff2,1,63,E-4,1.25,0.25,1.5,
O_Mio_Babbino_Caro_Puccini_SSA_v2.mxl,P4-Staff1,1,72,C5,1.5,1.0,2.5,
O_Mio_Babbino_Caro_Puccini_SSA_v2.mxl,P4-Staff1,2,84,C6,1.5,1.0,2.5,
O_Mio_Babbino_Caro_Puccini_SSA_v2.mxl,P4-Staff2,1,68,A-4,1.5,0.25,1.75,
O_Mio_Babbino_Caro_Puccini_SSA_v2.mxl,P4-Staff2,1,63,E-4,1.75,0.25,2.0,
O_Mio_Babbino_Caro_Puccini_SSA_v2.mxl,P4-Staff2,1,60,C4,2.0,0.25,2.25,
O_Mio_Babbino_Caro_Puccini_SSA_v2.mxl,P4-Staff2,1,56,A-3,2.25,0.25,2.5,
O_Mio_Babbino_Caro_Puccini_SSA_v2.mxl,P4-Staff1,2,67,G4,2.5,0.5,3.0,
O_Mio_Babbino_Caro_Puccini_SSA_v2.mxl,P4-Staff1,1,79,G5,2.5,0.5,3.0,
O_Mio_Babbino_Caro_Puccini_SSA_v2.mxl,P4-Staff2,1,51,E-3,2.5,0.25,2.75,
O_Mio_Babbino_Caro_Puccini_SSA_v2.mxl,P4-Staff2,1,48,C3,2.75,0.25,3.0,
O_Mio_Babbino_Caro_Puccini_SSA_v2.mxl,P4-Staff1,4,65,F4,3.0,1.5,4.5,
O_Mio_Babbino_Caro_Puccini_SSA_v2.mxl,P4-Staff1,3,68,A-4,3.0,1.5,4.5,
O_Mio_Babbino_Caro_Puccini_SSA_v2.mxl,P4-Staff1,2,72,C5,3.0,1.5,4.5,
O_Mio_Babbino_Caro_Puccini_SSA_v2.mxl,P4-Staff1,1,77,F5,3.0,1.5,4.5,
O_Mio_Babbino_Caro_Puccini_SSA_v2.mxl,P4-Staff2,1,36,C2,3.0,0.25,3.25,
O_Mio_Babbino_Caro_Puccini_SSA_v2.mxl,P4-Staff2,1,44,A-2,3.25,0.25,3.5,
O_Mio_Babbino_Caro_Puccini_SSA_v2.mxl,P4-Staff2,1,48,C3,3.5,0.25,3.75,
O_Mio_Babbino_Caro_Puccini_SSA_v2.mxl,P4-Staff2,1,51,E-3,3.75,0.25,4.0,
O_Mio_Babbino_Caro_Puccini_SSA_v2.mxl,P4-Staff2,1,56,A-3,4.0,0.25,4.25,
O_Mio_Babbino_Caro_Puccini_SSA_v2.mxl,P4-Staff2,1,60,C4,4.25,0.25,4.5,
O_Mio_Babbino_Caro_Puccini_SSA_v2.mxl,P4-Staff1,2,63,E-4,4.5,0.25,4.75,
O_Mio_Babbino_Caro_Puccini_SSA_v2.mxl,P4-Staff1,1,75,E-5,4.5,0.25,4.75,
O_Mio_Babbino_Caro_Puccini_SSA_v2.mxl,P4-Staff1,2,65,F4,4.75,0.25,5.0,
O_Mio_Babbino_Caro_Puccini_SSA_v2.mxl,P4-Staff1,1,77,F5,4.75,0.25,5.0,
O_Mio_Babbino_Caro_Puccini_SSA_v2.mxl,P4-Staff1,2,68,A-4,5.0,0.25,5.25,
O_Mio_Babbino_Caro_Puccini_SSA_v2.mxl,P4-Staff1,1,80,A-5,5.0,0.25,5.25,
O_Mio_Babbino_Caro_Puccini_SSA_v2.mxl,P4-Staff1,1,72,C5,5.25,0.25,5.5,
O_Mio_Babbino_Caro_Puccini_SSA_v2.mxl,P4-Staff1,2,84,C6,5.25,0.25,5.5,
O_Mio_Babbino_Caro_Puccini_SSA_v2.mxl,P4-Staff2,1,56,A-3,5.25,0.25,5.5,
O_Mio_Babbino_Caro_Puccini_SSA_v2.mxl,P4-Staff1,1,75,E-5,5.5,0.25,5.75,
O_Mio_Babbino_Caro_Puccini_SSA_v2.mxl,P4-Staff1,2,87,E-6,5.5,0.25,5.75,
O_Mio_Babbino_Caro_Puccini_SSA_v2.mxl,P4-Staff2,1,53,F3,5.5,0.25,5.75,
O_Mio_Babbino_Caro_Puccini_SSA_v2.mxl,P4-Staff1,1,77,F5,5.75,0.25,6.0,
O_Mio_Babbino_Caro_Puccini_SSA_v2.mxl,P4-Staff1,2,89,F6,5.75,0.25,6.0,
O_Mio_Babbino_Caro_Puccini_SSA_v2.mxl,P4-Staff2,1,48,C3,5.75,0.25,6.0,
O_Mio_Babbino_Caro_Puccini_SSA_v2.mxl,P4-Staff1,1,80,A-5,6.0,1.0,7.0,
O_Mio_Babbino_Caro_Puccini_SSA_v2.mxl,P4-Staff1,2,92,A-6,6.0,1.0,7.0,
O_Mio_Babbino_Caro_Puccini_SSA_v2.mxl,P4-Staff2,1,49,D-3,6.0,0.25,6.25,
O_Mio_Babbino_Caro_Puccini_SSA_v2.mxl,P4-Staff2,1,56,A-3,6.25,0.25,6.5,
O_Mio_Babbino_Caro_Puccini_SSA_v2.mxl,P4-Staff2,1,61,D-4,6.5,0.25,6.75,
O_Mio_Babbino_Caro_Puccini_SSA_v2.mxl,P4-Staff2,1,65,F4,6.75,0.25,7.0,
O_Mio_Babbino_Caro_Puccini_SSA_v2.mxl,P4-Staff1,1,77,F5,7.0,0.5,7.5,
O_Mio_Babbino_Caro_Puccini_SSA_v2.mxl,P4-Staff1,2,89,F6,7.0,0.5,7.5,
O_Mio_Babbino_Caro_Puccini_SSA_v2.mxl,P4-Staff2,1,61,D-4,7.0,0.25,7.25,
O_Mio_Babbino_Caro_Puccini_SSA_v2.mxl,P4-Staff2,1,56,A-3,7.25,0.25,7.5,
O_Mio_Babbino_Caro_Puccini_SSA_v2.mxl,P4-Staff1,2,75,E-5,7.5,1.0,8.5,
O_Mio_Babbino_Caro_Puccini_SSA_v2.mxl,P4-Staff1,1,87,E-6,7.5,1.0,8.5,
O_Mio_Babbino_Caro_Puccini_SSA_v2.mxl,P4-Staff2,1,46,B-2,7.5,0.25,7.75,
O_Mio_Babbino_Caro_Puccini_SSA_v2.mxl,P4-Staff2,1,51,E-3,7.75,0.25,8.0,
O_Mio_Babbino_Caro_Puccini_SSA_v2.mxl,P4-Staff2,1,55,G3,8.0,0.25,8.25,
O_Mio_Babbino_Caro_Puccini_SSA_v2.mxl,P4-Staff2,1,61,D-4,8.25,0.25,8.5,
O_Mio_Babbino_Caro_Puccini_SSA_v2.mxl,P4-Staff1,2,73,D-5,8.5,0.5,9.0,
O_Mio_Babbino_Caro_Puccini_SSA_v2.mxl,P4-Staff1,1,85,D-6,8.5,0.5,9.0,
O_Mio_Babbino_Caro_Puccini_SSA_v2.mxl,P4-Staff2,1,55,G3,8.5,0.25,8.75,
O_Mio_Babbino_Caro_Puccini_SSA_v2.mxl,P4-Staff2,1,51,E-3,8.75,0.25,9.0,
O_Mio_Babbino_Caro_Puccini_SSA_v2.mxl,P4-Staff1,1,75,E-5,9.0,1.5,10.5,
O_Mio_Babbino_Caro_Puccini_SSA_v2.mxl,P4-Staff1,2,87,E-6,9.0,1.5,10.5,
O_Mio_Babbino_Caro_Puccini_SSA_v2.mxl,P4-Staff2,1,48,C3,9.0,0.25,9.25,
O_Mio_Babbino_Caro_Puccini_SSA_v2.mxl,P4-Staff2,1,51,E-3,9.25,0.25,9.5,
O_Mio_Babbino_Caro_Puccini_SSA_v2.mxl,P4-Staff2,1,56,A-3,9.5,0.25,9.75,
O_Mio_Babbino_Caro_Puccini_SSA_v2.mxl,P4-Staff2,1,51,E-3,9.75,0.25,10.0,
O_Mio_Babbino_Caro_Puccini_SSA_v2.mxl,P4-Staff2,1,48,C3,10.0,0.25,10.25,
O_Mio_Babbino_Caro_Puccini_SSA_v2.mxl,P4-Staff2,1,51,E-3,10.25,0.25,10.5,
O_Mio_Babbino_Caro_Puccini_SSA_v2.mxl,P4-Staff1,2,73,D-5,10.5,0.5,11.0,
O_Mio_Babbino_Caro_Puccini_SSA_v2.mxl,P4-Staff1,1,85,D-6,10.5,0.5,11.0,
O_Mio_Babbino_Caro_Puccini_SSA_v2.mxl,P4-Staff2,1,39,E-2,10.5,0.25,10.75,
O_Mio_Babbino_Caro_Puccini_SSA_v2.mxl,P4-Staff2,1,43,G2,10.75,0.25,11.0,
O_Mio_Babbino_Caro_Puccini_SSA_v2.mxl,P4-Staff1,2,72,C5,11.0,0.5,11.5,
O_Mio_Babbino_Caro_Puccini_SSA_v2.mxl,P4-Staff1,1,84,C6,11.0,0.5,11.5,
O_Mio_Babbino_Caro_Puccini_SSA_v2.mxl,P4-Staff2,1,46,B-2,11.0,0.25,11.25,
O_Mio_Babbino_Caro_Puccini_SSA_v2.mxl,P4-Staff2,1,51,E-3,11.25,0.25,11.5,
O_Mio_Babbino_Caro_Puccini_SSA_v2.mxl,P4-Staff1,1,70,B-4,11.5,0.5,12.0,
O_Mio_Babbino_Caro_Puccini_SSA_v2.mxl,P4-Staff1,2,82,B-5,11.5,0.5,12.0,
O_Mio_Babbino_Caro_Puccini_SSA_v2.mxl,P4-Staff2,1,46,B-2,11.5,0.25,11.75,
O_Mio_Babbino_Caro_Puccini_SSA_v2.mxl,P4-Staff2,1,39,E-2,11.75,0.25,12.0,
O_Mio_Babbino_Caro_Puccini_SSA_v2.mxl,P4-Staff1,1,68,A-4,12.0,1.5,13.5,
O_Mio_Babbino_Caro_Puccini_SSA_v2.mxl,P4-Staff1,2,72,C5,12.0,1.5,13.5,
O_Mio_Babbino_Caro_Puccini_SSA_v2.mxl,P4-Staff1,3,80,A-5,12.0,1.5,13.5,
O_Mio_Babbino_Caro_Puccini_SSA_v2.mxl,P4-Staff2,1,44,A-2,12.0,0.25,12.25,
O_Mio_Babbino_Caro_Puccini_SSA_v2.mxl,Soprano i,1,68,A-4,12.0,0.5,12.5,
O_Mio_Babbino_Caro_Puccini_SSA_v2.mxl,P4-Staff2,1,48,C3,12.25,0.25,12.5,
O_Mio_Babbino_Caro_Puccini_SSA_v2.mxl,P4-Staff2,1,51,E-3,12.5,0.25,12.75,
O_Mio_Babbino_Caro_Puccini_SSA_v2.mxl,Soprano i,1,68,A-4,12.5,0.5,13.0,
O_Mio_Babbino_Caro_Puccini_SSA_v2.mxl,P4-Staff2,1,56,A-3,12.75,0.25,13.0,
O_Mio_Babbino_Caro_Puccini_SSA_v2.mxl,P4-Staff2,1,60,C4,13.0,0.25,13.25,
O_Mio_Babbino_Caro_Puccini_SSA_v2.mxl,Soprano i,1,68,A-4,13.0,0.5,13.5,
O_Mio_Babbino_Caro_Puccini_SSA_v2.mxl,P4-Staff2,1,63,E-4,13.25,0.25,13.5,
O_Mio_Babbino_Caro_Puccini_SSA_v2.mxl,P4-Staff1,1,72,C5,13.5,1.0,14.5,
O_Mio_Babbino_Caro_Puccini_SSA_v2.mxl,P4-Staff1,2,84,C6,13.5,1.0,14.5,
O_Mio_Babbino_Caro_Puccini_SSA_v2.mxl,P4-Staff2,1,68,A-4,13.5,0.25,13.75,
O_Mio_Babbino_Caro_Puccini_SSA_v2.mxl,Soprano i,1,72,C5,13.5,1.0,14.5,
O_Mio_Babbino_Caro_Puccini_SSA_v2.mxl,P4-Staff2,1,63,E-4,13.75,0.25,14.0,
O_Mio_Babbino_Caro_Puccini_SSA_v2.mxl,P4-Staff2,1,60,C4,14.0,0.25,14.25,
O_Mio_Babbino_Caro_Puccini_SSA_v2.mxl,P4-Staff2,1,56,A-3,14.25,0.25,14.5,
O_Mio_Babbino_Caro_Puccini_SSA_v2.mxl,P4-Staff1,1,67,G4,14.5,0.5,15.0,
O_Mio_Babbino_Caro_Puccini_SSA_v2.mxl,P4-Staff1,2,79,G5,14.5,0.5,15.0,
O_Mio_Babbino_Caro_Puccini_SSA_v2.mxl,P4-Staff2,1,51,E-3,14.5,0.25,14.75,
O_Mio_Babbino_Caro_Puccini_SSA_v2.mxl,Soprano i,1,67,G4,14.5,0.5,15.0,
O_Mio_Babbino_Caro_Puccini_SSA_v2.mxl,P4-Staff2,1,48,C3,14.75,0.25,15.0,
O_Mio_Babbino_Caro_Puccini_SSA_v2.mxl,P4-Staff1,1,65,F4,15.0,1.0,16.0,
O_Mio_Babbino_Caro_Puccini_SSA_v2.mxl,P4-Staff1,1,68,A-4,15.0,3.0,18.0,
O_Mio_Babbino_Caro_Puccini_SSA_v2.mxl,P4-Staff1,2,72,C5,15.0,3.0,18.0,
O_Mio_Babbino_Caro_Puccini_SSA_v2.mxl,P4-Staff1,2,77,F5,15.0,1.0,16.0,
O_Mio_Babbino_Caro_Puccini_SSA_v2.mxl,P4-Staff2,1,36,C2,15.0,0.16666666666666666,15.166666666666666,
O_Mio_Babbino_Caro_Puccini_SSA_v2.mxl,Soprano i,1,65,F4,15.0,1.5,16.5,
O_Mio_Babbino_Caro_Puccini_SSA_v2.mxl,P4-Staff2,1,44,A-2,15.166666666666666,0.16666666666666666,15.333333333333332,
O_Mio_Babbino_Caro_Puccini_SSA_v2.mxl,P4-Staff2,1,48,C3,15.333333333333334,0.16666666666666666,15.5,
O_Mio_Babbino_Caro_Puccini_SSA_v2.mxl,P4-Staff2,1,51,E-3,15.5,0.16666666666666666,15.666666666666666,
O_Mio_Babbino_Caro_Puccini_SSA_v2.mxl,P4-Staff2,1,56,A-3,15.666666666666666,0.16666666666666666,15.833333333333332,
O_Mio_Babbino_Caro_Puccini_SSA_v2.mxl,P4-Staff2,1,60,C4,15.833333333333334,0.16666666666666666,16.0,
O_Mio_Babbino_Caro_Puccini_SSA_v2.mxl,P4-Staff1,2,63,E-4,16.0,1.5,17.5,
O_Mio_Babbino_Caro_Puccini_SSA_v2.mxl,P4-Staff1,1,75,E-5,16.0,1.5,17.5,
O_Mio_Babbino_Caro_Puccini_SSA_v2.mxl,P4-Staff2,1,60,C4,16.25,0.25,16.5,
O_Mio_Babbino_Caro_Puccini_SSA_v2.mxl,P4-Staff2,1,56,A-3,16.5,0.25,16.75,
O_Mio_Babbino_Caro_Puccini_SSA_v2.mxl,Soprano i,1,63,E-4,16.5,1.5,18.0,
O_Mio_Babbino_Caro_Puccini_SSA_v2.mxl,P4-Staff2,1,51,E-3,16.75,0.25,17.0,
O_Mio_Babbino_Caro_Puccini_SSA_v2.mxl,P4-Staff2,1,48,C3,17.0,0.25,17.25,
O_Mio_Babbino_Caro_Puccini_SSA_v2.mxl,P4-Staff2,1,51,E-3,17.25,0.25,17.5,
O_Mio_Babbino_Caro_Puccini_SSA_v2.mxl,P4-Staff1,2,68,A-4,18.0,0.5,18.5,
O_Mio_Babbino_Caro_Puccini_SSA_v2.mxl,P4-Staff1,1,80,A-5,18.0,0.5,18.5,
O_Mio_Babbino_Caro_Puccini_SSA_v2.mxl,P4-Staff1,1,80,A-5,18.0,1.0,19.0,
O_Mio_Babbino_Caro_Puccini_SSA_v2.mxl,P4-Staff2,1,44,A-2,18.0,0.25,18.25,
O_Mio_Babbino_Caro_Puccini_SSA_v2.mxl,Soprano i,1,68,A-4,18.0,0.5,18.5,
O_Mio_Babbino_Caro_Puccini_SSA_v2.mxl,P4-Staff2,1,51,E-3,18.25,0.25,18.5,
O_Mio_Babbino_Caro_Puccini_SSA_v2.mxl,P4-Staff1,2,70,B-4,18.5,0.5,19.0,
O_Mio_Babbino_Caro_Puccini_SSA_v2.mxl,P4-Staff1,1,82,B-5,18.5,0.5,19.0,
O_Mio_Babbino_Caro_Puccini_SSA_v2.mxl,P4-Staff2,1,56,A-3,18.5,0.25,18.75,
O_Mio_Babbino_Caro_Puccini_SSA_v2.mxl,Soprano i,1,70,B-4,18.5,0.5,19.0,
O_Mio_Babbino_Caro_Puccini_SSA_v2.mxl,P4-Staff2,1,60,C4,18.75,0.25,19.0,
O_Mio_Babbino_Caro_Puccini_SSA_v2.mxl,P4-Staff1,2,72,C5,19.0,0.5,19.5,
O_Mio_Babbino_Caro_Puccini_SSA_v2.mxl,P4-Staff1,1,84,C6,19.0,0.5,19.5,
O_Mio_Babbino_Caro_Puccini_SSA_v2.mxl,P4-Staff2,1,63,E-4,19.0,0.25,19.25,
O_Mio_Babbino_Caro_Puccini_SSA_v2.mxl,Soprano i,1,72,C5,19.0,0.5,19.5,
O_Mio_Babbino_Caro_Puccini_SSA_v2.mxl,P4-Staff2,1,56,A-3,19.25,0.25,19.5,
O_Mio_Babbino_Caro_Puccini_SSA_v2.mxl,P4-Staff1,2,68,A-4,19.5,1.0,20.5,
O_Mio_Babbino_Caro_Puccini_SSA_v2.mxl,P4-Staff1,1,77,F5,19.5,1.0,20.5,
O_Mio_Babbino_Caro_Puccini_SSA_v2.mxl,P4-Staff1,3,80,A-5,19.5,1.0,20.5,
O_Mio_Babbino_Caro_Puccini_SSA_v2.mxl,P4-Staff2,1,51,E-3,19.5,0.25,19.75,
O_Mio_Babbino_Caro_Puccini_SSA_v2.mxl,Soprano i,1,68,A-4,19.5,1.0,20.5,
O_Mio_Babbino_Caro_Puccini_SSA_v2.mxl,P4-Staff2,1,56,A-3,19.75,0.25,20.0,
O_Mio_Babbino_Caro_Puccini_SSA_v2.mxl,P4-Staff2,1,60,C4,20.0,0.25,20.25,
O_Mio_Babbino_Caro_Puccini_SSA_v2.mxl,P4-Staff2,1,63,E-4,20.25,0.25,20.5,
O_Mio_Babbino_Caro_Puccini_SSA_v2.mxl,P4-Staff1,1,80,A-5,20.5,0.5,21.0,
O_Mio_Babbino_Caro_Puccini_SSA_v2.mxl,P4-Staff1,3,84,C6,20.5,0.5,21.0,
O_Mio_Babbino_Caro_Puccini_SSA_v2.mxl,P4-Staff1,2,92,A-6,20.5,0.5,21.0,
O_Mio_Babbino_Caro_Puccini_SSA_v2.mxl,P4-Staff2,1,60,C4,20.5,0.25,20.75,
O_Mio_Babbino_Caro_Puccini_SSA_v2.mxl,Soprano i,1,80,A-5,20.5,0.5,21.0,
O_Mio_Babbino_Caro_Puccini_SSA_v2.mxl,P4-Staff2,1,56,A-3,20.75,0.25,21.0,
O_Mio_Babbino_Caro_Puccini_SSA_v2.mxl,P4-Staff1,3,75,E-5,21.0,1.5,22.5,start
O_Mio_Babbino_Caro_Puccini_SSA_v2.mxl,P4-Staff1,2,80,A-5,21.0,1.5,22.5,start
O_Mio_Babbino_Caro_Puccini_SSA_v2.mxl,P4-Staff1,1,87,E-6,21.0,1.5,22.5,start
O_Mio_Babbino_Caro_Puccini_SSA_v2.mxl,P4-Staff2,1,48,C3,21.0,0.25,21.25,
O_Mio_Babbino_Caro_Puccini_SSA_v2.mxl,Soprano i,1,75,E-5,21.0,1.5,22.5,
O_Mio_Babbino_Caro_Puccini_SSA_v2.mxl,P4-Staff2,1,51,E-3,21.25,0.25,21.5,
O_Mio_Babbino_Caro_Puccini_SSA_v2.mxl,P4-Staff2,1,56,A-3,21.5,0.25,21.75,
O_Mio_Babbino_Caro_Puccini_SSA_v2.mxl,P4-Staff2,1,60,C4,21.75,0.25,22.0,
O_Mio_Babbino_Caro_Puccini_SSA_v2.mxl,P4-Staff2,1,56,A-3,22.0,0.25,22.25,
O_Mio_Babbino_Caro_Puccini_SSA_v2.mxl,P4-Staff2,1,51,E-3,22.25,0.25,22.5,
O_Mio_Babbino_Caro_Puccini_SSA_v2.mxl,P4-Staff1,3,75,E-5,22.5,1.0,23.5,stop
O_Mio_Babbino_Caro_Puccini_SSA_v2.mxl,P4-Staff1,2,80,A-5,22.5,1.0,23.5,stop
O_Mio_Babbino_Caro_Puccini_SSA_v2.mxl,P4-Staff1,1,87,E-6,22.5,1.0,23.5,stop
O_Mio_Babbino_Caro_Puccini_SSA_v2.mxl,P4-Staff2,1,44,A-2,22.5,0.25,22.75,
O_Mio_Babbino_Caro_Puccini_SSA_v2.mxl,Soprano i,1,75,E-5,22.5,1.0,23.5,
O_Mio_Babbino_Caro_Puccini_SSA_v2.mxl,P4-Staff2,1,51,E-3,22.75,0.25,23.0,
O_Mio_Babbino_Caro_Puccini_SSA_v2.mxl,P4-Staff2,1,56,A-3,23.0,0.25,23.25,
O_Mio_Babbino_Caro_Puccini_SSA_v2.mxl,P4-Staff2,1,60,C4,23.25,0.25,23.5,
O_Mio_Babbino_Caro_Puccini_SSA_v2.mxl,Alto,1,63,E-4,23.5,0.5,24.0,
O_Mio_Babbino_Caro_Puccini_SSA_v2.mxl,P4-Staff1,1,72,C5,23.5,0.5,24.0,
O_Mio_Babbino_Caro_Puccini_SSA_v2.mxl,P4-Staff1,2,84,C6,23.5,0.5,24.0,
O_Mio_Babbino_Caro_Puccini_SSA_v2.mxl,P4-Staff2,1,56,A-3,23.5,0.25,23.75,
O_Mio_Babbino_Caro_Puccini_SSA_v2.mxl,Soprano i,1,72,C5,23.5,0.5,24.0,
O_Mio_Babbino_Caro_Puccini_SSA_v2.mxl,P4-Staff2,1,51,E-3,23.75,0.25,24.0,
O_Mio_Babbino_Caro_Puccini_SSA_v2.mxl,Alto,1,67,G4,24.0,0.5,24.5,
O_Mio_Babbino_Caro_Puccini_SSA_v2.mxl,P4-Staff1,3,75,E-5,24.0,1.0,25.0,
O_Mio_Babbino_Caro_Puccini_SSA_v2.mxl,P4-Staff1,2,79,G5,24.0,1.0,25.0,
O_Mio_Babbino_Caro_Puccini_SSA_v2.mxl,P4-Staff1,1,82,B-5,24.0,1.0,25.0,
O_Mio_Babbino_Caro_Puccini_SSA_v2.mxl,P4-Staff1,4,87,E-6,24.0,1.0,25.0,
O_Mio_Babbino_Caro_Puccini_SSA_v2.mxl,P4-Staff2,1,39,E-2,24.0,0.25,24.25,
O_Mio_Babbino_Caro_Puccini_SSA_v2.mxl,Soprano i,1,75,E-5,24.0,1.0,25.0,
O_Mio_Babbino_Caro_Puccini_SSA_v2.mxl,P4-Staff2,1,46,B-2,24.25,0.25,24.5,
O_Mio_Babbino_Caro_Puccini_SSA_v2.mxl,Alto,1,65,F4,24.5,0.5,25.0,
O_Mio_Babbino_Caro_Puccini_SSA_v2.mxl,P4-Staff2,1,51,E-3,24.5,0.25,24.75,
O_Mio_Babbino_Caro_Puccini_SSA_v2.mxl,P4-Staff2,1,55,G3,24.75,0.25,25.0,
O_Mio_Babbino_Caro_Puccini_SSA_v2.mxl,Alto,1,63,E-4,25.0,0.5,25.5,
O_Mio_Babbino_Caro_Puccini_SSA_v2.mxl,P4-Staff1,2,70,B-4,25.0,0.5,25.5,
O_Mio_Babbino_Caro_Puccini_SSA_v2.mxl,P4-Staff1,1,82,B-5,25.0,0.5,25.5,
O_Mio_Babbino_Caro_Puccini_SSA_v2.mxl,P4-Staff2,1,58,B-3,25.0,0.25,25.25,
O_Mio_Babbino_Caro_Puccini_SSA_v2.mxl,Soprano i,1,70,B-4,25.0,0.5,25.5,
O_Mio_Babbino_Caro_Puccini_SSA_v2.mxl,P4-Staff2,1,55,G3,25.25,0.25,25.5,
O_Mio_Babbino_Caro_Puccini_SSA_v2.mxl,Alto,1,65,F4,25.5,0.5,26.0,
O_Mio_Babbino_Caro_Puccini_SSA_v2.mxl,P4-Staff1,1,73,D-5,25.5,1.0,26.5,
O_Mio_Babbino_Caro_Puccini_SSA_v2.mxl,P4-Staff1,2,77,F5,25.5,1.5,27.0,
O_Mio_Babbino_Caro_Puccini_SSA_v2.mxl,P4-Staff1,1,80,A-5,25.5,1.5,27.0,
O_Mio_Babbino_Caro_Puccini_SSA_v2.mxl,P4-Staff1,2,85,D-6,25.5,1.0,26.5,
O_Mio_Babbino_Caro_Puccini_SSA_v2.mxl,P4-Staff2,1,46,B-2,25.5,0.25,25.75,
O_Mio_Babbino_Caro_Puccini_SSA_v2.mxl,Soprano i,1,73,D-5,25.5,1.0,26.5,
O_Mio_Babbino_Caro_Puccini_SSA_v2.mxl,P4-Staff2,1,53,F3,25.75,0.25,26.0,
O_Mio_Babbino_Caro_Puccini_SSA_v2.mxl,Alto,1,68,A-4,26.0,0.5,26.5,
O_Mio_Babbino_Caro_Puccini_SSA_v2.mxl,P4-Staff2,1,56,A-3,26.0,0.25,26.25,
O_Mio_Babbino_Caro_Puccini_SSA_v2.mxl,P4-Staff2,1,61,D-4,26.25,0.25,26.5,
O_Mio_Babbino_Caro_Puccini_SSA_v2.mxl,Alto,1,65,F4,26.5,0.5,27.0,
O_Mio_Babbino_Caro_Puccini_SSA_v2.mxl,P4-Staff1,1,72,C5,26.5,0.5,27.0,
O_Mio_Babbino_Caro_Puccini_SSA_v2.mxl,P4-Staff1,2,84,C6,26.5,0.5,27.0,
O_Mio_Babbino_Caro_Puccini_SSA_v2.mxl,P4-Staff2,1,56,A-3,26.5,0.25,26.75,
O_Mio_Babbino_Caro_Puccini_SSA_v2.mxl,Soprano i,1,72,C5,26.5,0.5,27.0,
O_Mio_Babbino_Caro_Puccini_SSA_v2.mxl,P4-Staff2,1,53,F3,26.75,0.25,27.0,
O_Mio_Babbino_Caro_Puccini_SSA_v2.mxl,Alto,1,60,C4,27.0,0.5,27.5,
O_Mio_Babbino_Caro_Puccini_SSA_v2.mxl,P4-Staff1,3,68,A-4,27.0,1.5,28.5,
O_Mio_Babbino_Caro_Puccini_SSA_v2.mxl,P4-Staff1,2,72,C5,27.0,1.5,28.5,
O_Mio_Babbino_Caro_Puccini_SSA_v2.mxl,P4-Staff1,1,77,F5,27.0,1.5,28.5,
O_Mio_Babbino_Caro_Puccini_SSA_v2.mxl,P4-Staff1,4,80,A-5,27.0,1.5,28.5,
O_Mio_Babbino_Caro_Puccini_SSA_v2.mxl,P4-Staff2,1,41,F2,27.0,0.25,27.25,
O_Mio_Babbino_Caro_Puccini_SSA_v2.mxl,Soprano i,1,68,A-4,27.0,1.5,28.5,
O_Mio_Babbino_Caro_Puccini_SSA_v2.mxl,P4-Staff2,1,48,C3,27.25,0.25,27.5,
O_Mio_Babbino_Caro_Puccini_SSA_v2.mxl,Alto,1,56,A-3,27.5,0.5,28.0,
O_Mio_Babbino_Caro_Puccini_SSA_v2.mxl,P4-Staff2,1,53,F3,27.5,0.25,27.75,
O_Mio_Babbino_Caro_Puccini_SSA_v2.mxl,P4-Staff2,1,56,A-3,27.75,0.25,28.0,
O_Mio_Babbino_Caro_Puccini_SSA_v2.mxl,Alto,1,60,C4,28.0,0.5,28.5,
O_Mio_Babbino_Caro_Puccini_SSA_v2.mxl,P4-Staff2,1,60,C4,28.0,0.25,28.25,
O_Mio_Babbino_Caro_Puccini_SSA_v2.mxl,P4-Staff2,1,65,F4,28.25,0.25,28.5,
O_Mio_Babbino_Caro_Puccini_SSA_v2.mxl,Alto,1,65,F4,28.5,1.5,30.0,
O_Mio_Babbino_Caro_Puccini_SSA_v2.mxl,P4-Staff1,4,68,A-4,28.5,1.5,30.0,
O_Mio_Babbino_Caro_Puccini_SSA_v2.mxl,P4-Staff1,3,72,C5,28.5,1.5,30.0,
O_Mio_Babbino_Caro_Puccini_SSA_v2.mxl,P4-Staff1,2,77,F5,28.5,1.5,30.0,
O_Mio_Babbino_Caro_Puccini_SSA_v2.mxl,P4-Staff1,1,80,A-5,28.5,1.5,30.0,
O_Mio_Babbino_Caro_Puccini_SSA_v2.mxl,Soprano i,1,68,A-4,28.5,1.5,30.0,
O_Mio_Babbino_Caro_Puccini_SSA_v2.mxl,P4-Staff2,1,65,F4,28.75,0.25,29.0,
O_Mio_Babbino_Caro_Puccini_SSA_v2.mxl,P4-Staff2,1,60,C4,29.0,0.25,29.25,
O_Mio_Babbino_Caro_Puccini_SSA_v2.mxl,P4-Staff2,1,56,A-3,29.25,0.25,29.5,
O_Mio_Babbino_Caro_Puccini_SSA_v2.mxl,P4-Staff2,1,53,F3,29.5,0.25,29.75,
O_Mio_Babbino_Caro_Puccini_SSA_v2.mxl,P4-Staff2,1,48,C3,29.75,0.25,30.0,
O_Mio_Babbino_Caro_Puccini_SSA_v2.mxl,Alto,1,60,C4,30.0,0.5,30.5,
O_Mio_Babbino_Caro_Puccini_SSA_v2.mxl,P4-Staff1,3,68,A-4,30.0,0.5,30.5,
O_Mio_Babbino_Caro_Puccini_SSA_v2.mxl,P4-Staff1,2,72,C5,30.0,0.5,30.5,
O_Mio_Babbino_Caro_Puccini_SSA_v2.mxl,P4-Staff1,1,77,F5,30.0,0.5,30.5,
O_Mio_Babbino_Caro_Puccini_SSA_v2.mxl,P4-Staff1,4,80,A-5,30.0,0.5,30.5,
O_Mio_Babbino_Caro_Puccini_SSA_v2.mxl,P4-Staff2,1,46,B-2,30.0,0.25,30.25,
O_Mio_Babbino_Caro_Puccini_SSA_v2.mxl,Soprano i,1,68,A-4,30.0,0.5,30.5,
O_Mio_Babbino_Caro_Puccini_SSA_v2.mxl,P4-Staff2,1,53,F3,30.25,0.25,30.5,
O_Mio_Babbino_Caro_Puccini_SSA_v2.mxl,Alto,1,62,D4,30.5,0.5,31.0,
O_Mio_Babbino_Caro_Puccini_SSA_v2.mxl,P4-Staff1,2,70,B-4,30.5,0.5,31.0,
O_Mio_Babbino_Caro_Puccini_SSA_v2.mxl,P4-Staff1,1,74,D5,30.5,0.5,31.0,
O_Mio_Babbino_Caro_Puccini_SSA_v2.mxl,P4-Staff1,4,79,G5,30.5,0.5,31.0,
O_Mio_Babbino_Caro_Puccini_SSA_v2.mxl,P4-Staff1,3,82,B-5,30.5,0.5,31.0,
O_Mio_Babbino_Caro_Puccini_SSA_v2.mxl,P4-Staff2,1,56,A-3,30.5,0.25,30.75,
O_Mio_Babbino_Caro_Puccini_SSA_v2.mxl,Soprano i,1,70,B-4,30.5,0.5,31.0,
O_Mio_Babbino_Caro_Puccini_SSA_v2.mxl,P4-Staff2,1,58,B-3,30.75,0.25,31.0,
O_Mio_Babbino_Caro_Puccini_SSA_v2.mxl,Alto,1,63,E-4,31.0,0.5,31.5,
O_Mio_Babbino_Caro_Puccini_SSA_v2.mxl,P4-Staff1,2,72,C5,31.0,0.5,31.5,
O_Mio_Babbino_Caro_Puccini_SSA_v2.mxl,P4-Staff1,4,75,E-5,31.0,0.5,31.5,
O_Mio_Babbino_Caro_Puccini_SSA_v2.mxl,P4-Staff1,3,80,A-5,31.0,0.5,31.5,
O_Mio_Babbino_Caro_Puccini_SSA_v2.mxl,P4-Staff1,1,84,C6,31.0,0.5,31.5,
O_Mio_Babbino_Caro_Puccini_SSA_v2.mxl,P4-Staff2,1,60,C4,31.0,0.25,31.25,
O_Mio_Babbino_Caro_Puccini_SSA_v2.mxl,Soprano i,1,72,C5,31.0,0.5,31.5,
O_Mio_Babbino_Caro_Puccini_SSA_v2.mxl,P4-Staff2,1,65,F4,31.25,0.25,31.5,
O_Mio_Babbino_Caro_Puccini_SSA_v2.mxl,Alto,1,65,F4,31.5,0.5,32.0,
O_Mio_Babbino_Caro_Puccini_SSA_v2.mxl,P4-Staff1,4,68,A-4,31.5,1.0,32.5,
O_Mio_Babbino_Caro_Puccini_SSA_v2.mxl,P4-Staff1,3,72,C5,31.5,1.0,32.5,
O_Mio_Babbino_Caro_Puccini_SSA_v2.mxl,P4-Staff1,1,77,F5,31.5,1.0,32.5,
O_Mio_Babbino_Caro_Puccini_SSA_v2.mxl,P4-Staff1,2,80,A-5,31.5,1.0,32.5,
O_Mio_Babbino_Caro_Puccini_SSA_v2.mxl,Soprano i,1,68,A-4,31.5,1.0,32.5,
O_Mio_Babbino_Caro_Puccini_SSA_v2.mxl,P4-Staff2,1,62,D4,31.75,0.25,32.0,
O_Mio_Babbino_Caro_Puccini_SSA_v2.mxl,Alto,1,62,D4,32.0,0.5,32.5,
O_Mio_Babbino_Caro_Puccini_SSA_v2.mxl,P4-Staff2,1,58,B-3,32.0,0.25,32.25,
O_Mio_Babbino_Caro_Puccini_SSA_v2.mxl,P4-Staff2,1,53,F3,32.25,0.25,32.5,
O_Mio_Babbino_Caro_Puccini_SSA_v2.mxl,Alto,1,58,B-3,32.5,0.5,33.0,
O_Mio_Babbino_Caro_Puccini_SSA_v2.mxl,P4-Staff1,4,67,G4,32.5,0.5,33.0,
O_Mio_Babbino_Caro_Puccini_SSA_v2.mxl,P4-Staff1,3,70,B-4,32.5,0.5,33.0,
O_Mio_Babbino_Caro_Puccini_SSA_v2.mxl,P4-Staff1,2,74,D5,32.5,0.5,33.0,
O_Mio_Babbino_Caro_Puccini_SSA_v2.mxl,P4-Staff1,1,79,G5,32.5,0.5,33.0,
O_Mio_Babbino_Caro_Puccini_SSA_v2.mxl,P4-Staff2,1,46,B-2,32.5,0.25,32.75,
O_Mio_Babbino_Caro_Puccini_SSA_v2.mxl,Soprano i,1,67,G4,32.5,0.5,33.0,
O_Mio_Babbino_Caro_Puccini_SSA_v2.mxl,P4-Staff2,1,34,B-1,32.75,0.25,33.0,
O_Mio_Babbino_Caro_Puccini_SSA_v2.mxl,Alto,1,67,G4,33.0,1.5,34.5,
O_Mio_Babbino_Caro_Puccini_SSA_v2.mxl,P4-Staff1,3,70,B-4,33.0,1.5,34.5,start
O_Mio_Babbino_Caro_Puccini_SSA_v2.mxl,P4-Staff1,2,75,E-5,33.0,1.5,34.5,start
O_Mio_Babbino_Caro_Puccini_SSA_v2.mxl,P4-Staff1,1,79,G5,33.0,1.5,34.5,start
O_Mio_Babbino_Caro_Puccini_SSA_v2.mxl,P4-Staff1,4,82,B-5,33.0,1.5,34.5,start
O_Mio_Babbino_Caro_Puccini_SSA_v2.mxl,P4-Staff2,1,39,E-2,33.0,0.25,33.25,
O_Mio_Babbino_Caro_Puccini_SSA_v2.mxl,Soprano i,1,70,B-4,33.0,1.5,34.5,
O_Mio_Babbino_Caro_Puccini_SSA_v2.mxl,P4-Staff2,1,46,B-2,33.25,0.25,33.5,
O_Mio_Babbino_Caro_Puccini_SSA_v2.mxl,P4-Staff2,1,51,E-3,33.5,0.25,33.75,
O_Mio_Babbino_Caro_Puccini_SSA_v2.mxl,P4-Staff2,1,55,G3,33.75,0.25,34.0,
O_Mio_Babbino_Caro_Puccini_SSA_v2.mxl,P4-Staff2,1,58,B-3,34.0,0.25,34.25,
O_Mio_Babbino_Caro_Puccini_SSA_v2.mxl,P4-Staff2,1,63,E-4,34.25,0.25,34.5,
O_Mio_Babbino_Caro_Puccini_SSA_v2.mxl,Alto,1,67,G4,34.5,1.0,35.5,
O_Mio_Babbino_Caro_Puccini_SSA_v2.mxl,P4-Staff1,3,70,B-4,34.5,1.0,35.5,stop
O_Mio_Babbino_Caro_Puccini_SSA_v2.mxl,P4-Staff1,4,75,E-5,34.5,1.0,35.5,stop
O_Mio_Babbino_Caro_Puccini_SSA_v2.mxl,P4-Staff1,2,79,G5,34.5,1.0,35.5,stop
O_Mio_Babbino_Caro_Puccini_SSA_v2.mxl,P4-Staff1,1,82,B-5,34.5,1.0,35.5,stop
O_Mio_Babbino_Caro_Puccini_SSA_v2.mxl,P4-Staff2,1,67,G4,34.5,0.25,34.75,
O_Mio_Babbino_Caro_Puccini_SSA_v2.mxl,Soprano i,1,70,B-4,34.5,1.0,35.5,
O_Mio_Babbino_Caro_Puccini_SSA_v2.mxl,P4-Staff2,1,63,E-4,34.75,0.25,35.0,
O_Mio_Babbino_Caro_Puccini_SSA_v2.mxl,P4-Staff2,1,58,B-3,35.0,0.25,35.25,
O_Mio_Babbino_Caro_Puccini_SSA_v2.mxl,P4-Staff2,1,55,G3,35.25,0.25,35.5,
O_Mio_Babbino_Caro_Puccini_SSA_v2.mxl,Alto,1,61,D-4,35.5,0.5,36.0,
O_Mio_Babbino_Caro_Puccini_SSA_v2.mxl,P4-Staff1,1,61,D-4,35.5,0.5,36.0,
O_Mio_Babbino_Caro_Puccini_SSA_v2.mxl,P4-Staff1,2,63,E-4,35.5,0.5,36.0,
O_Mio_Babbino_Caro_Puccini_SSA_v2.mxl,P4-Staff2,1,51,E-3,35.5,0.25,35.75,
O_Mio_Babbino_Caro_Puccini_SSA_v2.mxl,Soprano 2,1,63,E-4,35.5,0.5,36.0,
O_Mio_Babbino_Caro_Puccini_SSA_v2.mxl,Soprano i,1,63,E-4,35.5,0.5,36.0,
O_Mio_Babbino_Caro_Puccini_SSA_v2.mxl,P4-Staff2,1,46,B-2,35.75,0.25,36.0,
O_Mio_Babbino_Caro_Puccini_SSA_v2.mxl,Alto,1,60,C4,36.0,0.5,36.5,
O_Mio_Babbino_Caro_Puccini_SSA_v2.mxl,P4-Staff1,1,60,C4,36.0,1.5,37.5,
O_Mio_Babbino_Caro_Puccini_SSA_v2.mxl,P4-Staff1,2,68,A-4,36.0,1.5,37.5,
O_Mio_Babbino_Caro_Puccini_SSA_v2.mxl,P4-Staff2,1,44,A-2,36.0,0.25,36.25,
O_Mio_Babbino_Caro_Puccini_SSA_v2.mxl,Soprano 2,1,63,E-4,36.0,0.5,36.5,
O_Mio_Babbino_Caro_Puccini_SSA_v2.mxl,Soprano i,1,68,A-4,36.0,1.5,37.5,
O_Mio_Babbino_Caro_Puccini_SSA_v2.mxl,P4-Staff2,1,51,E-3,36.25,0.25,36.5,
O_Mio_Babbino_Caro_Puccini_SSA_v2.mxl,Alto,1,56,A-3,36.5,0.5,37.0,
O_Mio_Babbino_Caro_Puccini_SSA_v2.mxl,P4-Staff2,1,56,A-3,36.5,0.25,36.75,
O_Mio_Babbino_Caro_Puccini_SSA_v2.mxl,Soprano 2,1,60,C4,36.5,0.5,37.0,
O_Mio_Babbino_Caro_Puccini_SSA_v2.mxl,P4-Staff2,1,60,C4,36.75,0.25,37.0,
O_Mio_Babbino_Caro_Puccini_SSA_v2.mxl,Alto,1,60,C4,37.0,0.5,37.5,
O_Mio_Babbino_Caro_Puccini_SSA_v2.mxl,P4-Staff2,1,56,A-3,37.0,0.25,37.25,
O_Mio_Babbino_Caro_Puccini_SSA_v2.mxl,Soprano 2,1,63,E-4,37.0,0.5,37.5,
O_Mio_Babbino_Caro_Puccini_SSA_v2.mxl,P4-Staff2,1,51,E-3,37.25,0.25,37.5,
O_Mio_Babbino_Caro_Puccini_SSA_v2.mxl,Alto,1,63,E-4,37.5,1.0,38.5,
O_Mio_Babbino_Caro_Puccini_SSA_v2.mxl,P4-Staff1,1,72,C5,37.5,0.5,38.0,
O_Mio_Babbino_Caro_Puccini_SSA_v2.mxl,P4-Staff1,2,84,C6,37.5,0.5,38.0,
O_Mio_Babbino_Caro_Puccini_SSA_v2.mxl,P4-Staff2,1,39,E-2,37.5,0.25,37.75,
O_Mio_Babbino_Caro_Puccini_SSA_v2.mxl,Soprano 2,1,68,A-4,37.5,1.0,38.5,
O_Mio_Babbino_Caro_Puccini_SSA_v2.mxl,Soprano i,1,72,C5,37.5,0.5,38.0,
O_Mio_Babbino_Caro_Puccini_SSA_v2.mxl,P4-Staff2,1,48,C3,37.75,0.25,38.0,
O_Mio_Babbino_Caro_Puccini_SSA_v2.mxl,P4-Staff1,1,68,A-4,38.0,0.5,38.5,
O_Mio_Babbino_Caro_Puccini_SSA_v2.mxl,P4-Staff1,2,80,A-5,38.0,0.5,38.5,
O_Mio_Babbino_Caro_Puccini_SSA_v2.mxl,P4-Staff2,1,51,E-3,38.0,0.25,38.25,
O_Mio_Babbino_Caro_Puccini_SSA_v2.mxl,Soprano i,1,68,A-4,38.0,0.5,38.5,
O_Mio_Babbino_Caro_Puccini_SSA_v2.mxl,P4-Staff2,1,56,A-3,38.25,0.25,38.5,
O_Mio_Babbino_Caro_Puccini_SSA_v2.mxl,P4-Staff1,2,67,G4,38.5,0.5,39.0,
O_Mio_Babbino_Caro_Puccini_SSA_v2.mxl,P4-Staff1,1,79,G5,38.5,0.5,39.0,
O_Mio_Babbino_Caro_Puccini_SSA_v2.mxl,P4-Staff2,1,51,E-3,38.5,0.25,38.75,
O_Mio_Babbino_Caro_Puccini_SSA_v2.mxl,Soprano i,1,67,G4,38.5,0.5,39.0,
O_Mio_Babbino_Caro_Puccini_SSA_v2.mxl,P4-Staff2,1,48,C3,38.75,0.25,39.0,
O_Mio_Babbino_Caro_Puccini_SSA_v2.mxl,Alto,1,56,A-3,39.0,0.5,39.5,
O_Mio_Babbino_Caro_Puccini_SSA_v2.mxl,P4-Staff1,1,65,F4,39.0,1.5,40.5,
O_Mio_Babbino_Caro_Puccini_SSA_v2.mxl,P4-Staff1,2,77,F5,39.0,1.5,40.5,
O_Mio_Babbino_Caro_Puccini_SSA_v2.mxl,P4-Staff2,1,36,C2,39.0,0.25,39.25,
O_Mio_Babbino_Caro_Puccini_SSA_v2.mxl,Soprano 2,1,60,C4,39.0,0.5,39.5,
O_Mio_Babbino_Caro_Puccini_SSA_v2.mxl,Soprano i,1,65,F4,39.0,1.5,40.5,
O_Mio_Babbino_Caro_Puccini_SSA_v2.mxl,P4-Staff2,1,44,A-2,39.25,0.25,39.5,
O_Mio_Babbino_Caro_Puccini_SSA_v2.mxl,Alto,1,56,A-3,39.5,0.5,40.0,
O_Mio_Babbino_Caro_Puccini_SSA_v2.mxl,P4-Staff2,1,48,C3,39.5,0.25,39.75,
O_Mio_Babbino_Caro_Puccini_SSA_v2.mxl,Soprano 2,1,60,C4,39.5,0.5,40.0,
O_Mio_Babbino_Caro_Puccini_SSA_v2.mxl,P4-Staff2,1,51,E-3,39.75,0.25,40.0,
O_Mio_Babbino_Caro_Puccini_SSA_v2.mxl,Alto,1,56,A-3,40.0,0.5,40.5,
O_Mio_Babbino_Caro_Puccini_SSA_v2.mxl,P4-Staff2,1,56,A-3,40.0,0.25,40.25,
O_Mio_Babbino_Caro_Puccini_SSA_v2.mxl,Soprano 2,1,60,C4,40.0,0.5,40.5,
O_Mio_Babbino_Caro_Puccini_SSA_v2.mxl,P4-Staff2,1,60,C4,40.25,0.25,40.5,
O_Mio_Babbino_Caro_Puccini_SSA_v2.mxl,Alto,1,56,A-3,40.5,0.5,41.0,
O_Mio_Babbino_Caro_Puccini_SSA_v2.mxl,P4-Staff1,2,63,E-4,40.5,1.5,42.0,
O_Mio_Babbino_Caro_Puccini_SSA_v2.mxl,P4-Staff1,1,75,E-5,40.5,1.5,42.0,
O_Mio_Babbino_Caro_Puccini_SSA_v2.mxl,Soprano 2,1,60,C4,40.5,0.5,41.0,
O_Mio_Babbino_Caro_Puccini_SSA_v2.mxl,Soprano i,1,63,E-4,40.5,1.5,42.0,
O_Mio_Babbino_Caro_Puccini_SSA_v2.mxl,P4-Staff2,1,60,C4,40.75,0.25,41.0,
O_Mio_Babbino_Caro_Puccini_SSA_v2.mxl,Alto,1,56,A-3,41.0,0.5,41.5,
O_Mio_Babbino_Caro_Puccini_SSA_v2.mxl,P4-Staff2,1,56,A-3,41.0,0.25,41.25,
O_Mio_Babbino_Caro_Puccini_SSA_v2.mxl,Soprano 2,1,60,C4,41.0,0.5,41.5,
O_Mio_Babbino_Caro_Puccini_SSA_v2.mxl,P4-Staff2,1,51,E-3,41.25,0.25,41.5,
O_Mio_Babbino_Caro_Puccini_SSA_v2.mxl,P4-Staff2,1,48,C3,41.5,0.25,41.75,
O_Mio_Babbino_Caro_Puccini_SSA_v2.mxl,P4-Staff2,1,51,E-3,41.75,0.25,42.0,
O_Mio_Babbino_Caro_Puccini_SSA_v2.mxl,P4-Staff1,2,68,A-4,42.0,0.5,42.5,
O_Mio_Babbino_Caro_Puccini_SSA_v2.mxl,P4-Staff1,1,80,A-5,42.0,0.5,42.5,
O_Mio_Babbino_Caro_Puccini_SSA_v2.mxl,P4-Staff1,1,80,A-5,42.0,1.0,43.0,
O_Mio_Babbino_Caro_Puccini_SSA_v2.mxl,P4-Staff2,1,44,A-2,42.0,0.25,42.25,
O_Mio_Babbino_Caro_Puccini_SSA_v2.mxl,Soprano i,1,68,A-4,42.0,0.5,42.5,
O_Mio_Babbino_Caro_Puccini_SSA_v2.mxl,P4-Staff2,1,51,E-3,42.25,0.25,42.5,
O_Mio_Babbino_Caro_Puccini_SSA_v2.mxl,P4-Staff1,1,70,B-4,42.5,0.5,43.0,
O_Mio_Babbino_Caro_Puccini_SSA_v2.mxl,P4-Staff1,2,82,B-5,42.5,0.5,43.0,
O_Mio_Babbino_Caro_Puccini_SSA_v2.mxl,P4-Staff2,1,56,A-3,42.5,0.25,42.75,
O_Mio_Babbino_Caro_Puccini_SSA_v2.mxl,Soprano i,1,70,B-4,42.5,0.5,43.0,
O_Mio_Babbino_Caro_Puccini_SSA_v2.mxl,P4-Staff2,1,60,C4,42.75,0.25,43.0,
O_Mio_Babbino_Caro_Puccini_SSA_v2.mxl,P4-Staff1,2,72,C5,43.0,0.5,43.5,
O_Mio_Babbino_Caro_Puccini_SSA_v2.mxl,P4-Staff1,3,79,G5,43.0,0.5,43.5,
O_Mio_Babbino_Caro_Puccini_SSA_v2.mxl,P4-Staff1,1,84,C6,43.0,0.5,43.5,
O_Mio_Babbino_Caro_Puccini_SSA_v2.mxl,P4-Staff2,1,56,A-3,43.0,0.25,43.25,
O_Mio_Babbino_Caro_Puccini_SSA_v2.mxl,Soprano i,1,72,C5,43.0,0.5,43.5,
O_Mio_Babbino_Caro_Puccini_SSA_v2.mxl,P4-Staff2,1,51,E-3,43.25,0.25,43.5,
O_Mio_Babbino_Caro_Puccini_SSA_v2.mxl,P4-Staff1,1,68,A-4,43.5,1.0,44.5,
O_Mio_Babbino_Caro_Puccini_SSA_v2.mxl,P4-Staff1,3,77,F5,43.5,1.0,44.5,
O_Mio_Babbino_Caro_Puccini_SSA_v2.mxl,P4-Staff1,2,80,A-5,43.5,1.0,44.5,
O_Mio_Babbino_Caro_Puccini_SSA_v2.mxl,P4-Staff2,1,39,E-2,43.5,0.25,43.75,
O_Mio_Babbino_Caro_Puccini_SSA_v2.mxl,Soprano 2,1,65,F4,43.5,0.25,43.75,
O_Mio_Babbino_Caro_Puccini_SSA_v2.mxl,Soprano i,1,68,A-4,43.5,1.0,44.5,
O_Mio_Babbino_Caro_Puccini_SSA_v2.mxl,P4-Staff2,1,48,C3,43.75,0.25,44.0,
O_Mio_Babbino_Caro_Puccini_SSA_v2.mxl,Soprano 2,1,65,F4,43.75,0.25,44.0,
O_Mio_Babbino_Caro_Puccini_SSA_v2.mxl,P4-Staff2,1,51,E-3,44.0,0.25,44.25,
O_Mio_Babbino_Caro_Puccini_SSA_v2.mxl,Soprano 2,1,68,A-4,44.0,0.5,44.5,
O_Mio_Babbino_Caro_Puccini_SSA_v2.mxl,P4-Staff2,1,56,A-3,44.25,0.25,44.5,
O_Mio_Babbino_Caro_Puccini_SSA_v2.mxl,P4-Staff1,3,80,A-5,44.5,0.5,45.0,
O_Mio_Babbino_Caro_Puccini_SSA_v2.mxl,P4-Staff1,2,84,C6,44.5,0.5,45.0,
O_Mio_Babbino_Caro_Puccini_SSA_v2.mxl,P4-Staff1,1,92,A-6,44.5,0.5,45.0,
O_Mio_Babbino_Caro_Puccini_SSA_v2.mxl,P4-Staff2,1,51,E-3,44.5,0.25,44.75,
O_Mio_Babbino_Caro_Puccini_SSA_v2.mxl,Soprano 2,1,72,C5,44.5,0.5,45.0,
O_Mio_Babbino_Caro_Puccini_SSA_v2.mxl,Soprano i,1,80,A-5,44.5,0.5,45.0,
O_Mio_Babbino_Caro_Puccini_SSA_v2.mxl,P4-Staff2,1,56,A-3,44.75,0.25,45.0,
O_Mio_Babbino_Caro_Puccini_SSA_v2.mxl,Alto,1,56,A-3,45.0,0.25,45.25,
O_Mio_Babbino_Caro_Puccini_SSA_v2.mxl,P4-Staff1,2,75,E-5,45.0,1.5,46.5,start
O_Mio_Babbino_Caro_Puccini_SSA_v2.mxl,P4-Staff1,1,80,A-5,45.0,1.5,46.5,start
O_Mio_Babbino_Caro_Puccini_SSA_v2.mxl,P4-Staff1,3,87,E-6,45.0,1.5,46.5,start
O_Mio_Babbino_Caro_Puccini_SSA_v2.mxl,P4-Staff2,1,48,C3,45.0,0.25,45.25,
O_Mio_Babbino_Caro_Puccini_SSA_v2.mxl,Soprano 2,1,72,C5,45.0,0.5,45.5,
O_Mio_Babbino_Caro_Puccini_SSA_v2.mxl,Soprano i,1,75,E-5,45.0,1.5,46.5,
O_Mio_Babbino_Caro_Puccini_SSA_v2.mxl,Alto,1,56,A-3,45.25,0.25,45.5,
O_Mio_Babbino_Caro_Puccini_SSA_v2.mxl,P4-Staff2,1,51,E-3,45.25,0.25,45.5,
O_Mio_Babbino_Caro_Puccini_SSA_v2.mxl,Alto,1,60,C4,45.5,0.5,46.0,
O_Mio_Babbino_Caro_Puccini_SSA_v2.mxl,P4-Staff2,1,56,A-3,45.5,0.25,45.75,
O_Mio_Babbino_Caro_Puccini_SSA_v2.mxl,Soprano 2,1,72,C5,45.5,0.5,46.0,
O_Mio_Babbino_Caro_Puccini_SSA_v2.mxl,P4-Staff2,1,60,C4,45.75,0.25,46.0,
O_Mio_Babbino_Caro_Puccini_SSA_v2.mxl,Alto,1,63,E-4,46.0,0.5,46.5,
O_Mio_Babbino_Caro_Puccini_SSA_v2.mxl,P4-Staff2,1,56,A-3,46.0,0.25,46.25,
O_Mio_Babbino_Caro_Puccini_SSA_v2.mxl,Soprano 2,1,72,C5,46.0,0.5,46.5,
O_Mio_Babbino_Caro_Puccini_SSA_v2.mxl,P4-Staff2,1,51,E-3,46.25,0.25,46.5,
O_Mio_Babbino_Caro_Puccini_SSA_v2.mxl,Alto,1,68,A-4,46.5,0.5,47.0,
O_Mio_Babbino_Caro_Puccini_SSA_v2.mxl,P4-Staff1,3,75,E-5,46.5,1.0,47.5,stop
O_Mio_Babbino_Caro_Puccini_SSA_v2.mxl,P4-Staff1,2,80,A-5,46.5,1.0,47.5,stop
O_Mio_Babbino_Caro_Puccini_SSA_v2.mxl,P4-Staff1,1,87,E-6,46.5,1.0,47.5,stop
O_Mio_Babbino_Caro_Puccini_SSA_v2.mxl,P4-Staff2,1,44,A-2,46.5,0.25,46.75,
O_Mio_Babbino_Caro_Puccini_SSA_v2.mxl,Soprano 2,1,72,C5,46.5,1.0,47.5,
O_Mio_Babbino_Caro_Puccini_SSA_v2.mxl,Soprano i,1,75,E-5,46.5,1.0,47.5,
O_Mio_Babbino_Caro_Puccini_SSA_v2.mxl,P4-Staff2,1,51,E-3,46.75,0.25,47.0,
O_Mio_Babbino_Caro_Puccini_SSA_v2.mxl,Alto,1,68,A-4,47.0,0.5,47.5,
O_Mio_Babbino_Caro_Puccini_SSA_v2.mxl,P4-Staff2,1,56,A-3,47.0,0.25,47.25,
O_Mio_Babbino_Caro_Puccini_SSA_v2.mxl,P4-Staff2,1,60,C4,47.25,0.25,47.5,
O_Mio_Babbino_Caro_Puccini_SSA_v2.mxl,Alto,1,68,A-4,47.5,0.5,48.0,
O_Mio_Babbino_Caro_Puccini_SSA_v2.mxl,P4-Staff1,4,65,F4,47.5,0.5,48.0,
O_Mio_Babbino_Caro_Puccini_SSA_v2.mxl,P4-Staff1,3,68,A-4,47.5,0.5,48.0,
O_Mio_Babbino_Caro_Puccini_SSA_v2.mxl,P4-Staff1,2,72,C5,47.5,0.5,48.0,
O_Mio_Babbino_Caro_Puccini_SSA_v2.mxl,P4-Staff1,1,77,F5,47.5,0.5,48.0,
O_Mio_Babbino_Caro_Puccini_SSA_v2.mxl,P4-Staff2,1,56,A-3,47.5,0.25,47.75,
O_Mio_Babbino_Caro_Puccini_SSA_v2.mxl,Soprano 2,1,72,C5,47.5,0.5,48.0,
O_Mio_Babbino_Caro_Puccini_SSA_v2.mxl,Soprano i,1,77,F5,47.5,0.5,48.0,
O_Mio_Babbino_Caro_Puccini_SSA_v2.mxl,P4-Staff2,1,60,C4,47.75,0.25,48.0,
O_Mio_Babbino_Caro_Puccini_SSA_v2.mxl,Alto,1,65,F4,48.0,1.0,49.0,
O_Mio_Babbino_Caro_Puccini_SSA_v2.mxl,P4-Staff1,3,68,A-4,48.0,1.0,49.0,
O_Mio_Babbino_Caro_Puccini_SSA_v2.mxl,P4-Staff1,2,73,D-5,48.0,1.0,49.0,
O_Mio_Babbino_Caro_Puccini_SSA_v2.mxl,P4-Staff1,1,77,F5,48.0,1.0,49.0,
O_Mio_Babbino_Caro_Puccini_SSA_v2.mxl,P4-Staff1,4,80,A-5,48.0,1.0,49.0,
O_Mio_Babbino_Caro_Puccini_SSA_v2.mxl,P4-Staff2,1,49,D-3,48.0,0.25,48.25,
O_Mio_Babbino_Caro_Puccini_SSA_v2.mxl,Soprano 2,1,73,D-5,48.0,1.0,49.0,
O_Mio_Babbino_Caro_Puccini_SSA_v2.mxl,Soprano i,1,80,A-5,48.0,1.0,49.0,
O_Mio_Babbino_Caro_Puccini_SSA_v2.mxl,P4-Staff2,1,56,A-3,48.25,0.25,48.5,
O_Mio_Babbino_Caro_Puccini_SSA_v2.mxl,P4-Staff2,1,61,D-4,48.5,0.25,48.75,
O_Mio_Babbino_Caro_Puccini_SSA_v2.mxl,P4-Staff2,1,65,F4,48.75,0.25,49.0,
O_Mio_Babbino_Caro_Puccini_SSA_v2.mxl,Alto,1,61,D-4,49.0,0.5,49.5,
O_Mio_Babbino_Caro_Puccini_SSA_v2.mxl,P4-Staff1,4,65,F4,49.0,0.5,49.5,
O_Mio_Babbino_Caro_Puccini_SSA_v2.mxl,P4-Staff1,3,68,A-4,49.0,0.5,49.5,
O_Mio_Babbino_Caro_Puccini_SSA_v2.mxl,P4-Staff1,2,73,D-5,49.0,0.5,49.5,
O_Mio_Babbino_Caro_Puccini_SSA_v2.mxl,P4-Staff1,1,77,F5,49.0,0.5,49.5,
O_Mio_Babbino_Caro_Puccini_SSA_v2.mxl,P4-Staff2,1,61,D-4,49.0,0.25,49.25,
O_Mio_Babbino_Caro_Puccini_SSA_v2.mxl,Soprano 2,1,68,A-4,49.0,0.5,49.5,
O_Mio_Babbino_Caro_Puccini_SSA_v2.mxl,Soprano i,1,77,F5,49.0,0.5,49.5,
O_Mio_Babbino_Caro_Puccini_SSA_v2.mxl,P4-Staff2,1,56,A-3,49.25,0.25,49.5,
O_Mio_Babbino_Caro_Puccini_SSA_v2.mxl,Alto,1,58,B-3,49.5,1.0,50.5,
O_Mio_Babbino_Caro_Puccini_SSA_v2.mxl,P4-Staff1,2,63,E-4,49.5,1.0,50.5,
O_Mio_Babbino_Caro_Puccini_SSA_v2.mxl,P4-Staff1,4,67,G4,49.5,1.0,50.5,
O_Mio_Babbino_Caro_Puccini_SSA_v2.mxl,P4-Staff1,1,70,B-4,49.5,1.0,50.5,
O_Mio_Babbino_Caro_Puccini_SSA_v2.mxl,P4-Staff1,3,75,E-5,49.5,1.0,50.5,
O_Mio_Babbino_Caro_Puccini_SSA_v2.mxl,P4-Staff2,1,46,B-2,49.5,0.25,49.75,
O_Mio_Babbino_Caro_Puccini_SSA_v2.mxl,Soprano 2,1,67,G4,49.5,1.0,50.5,
O_Mio_Babbino_Caro_Puccini_SSA_v2.mxl,Soprano i,1,75,E-5,49.5,1.0,50.5,
O_Mio_Babbino_Caro_Puccini_SSA_v2.mxl,P4-Staff2,1,51,E-3,49.75,0.25,50.0,
O_Mio_Babbino_Caro_Puccini_SSA_v2.mxl,P4-Staff2,1,55,G3,50.0,0.25,50.25,
O_Mio_Babbino_Caro_Puccini_SSA_v2.mxl,P4-Staff2,1,61,D-4,50.25,0.25,50.5,
O_Mio_Babbino_Caro_Puccini_SSA_v2.mxl,P4-Staff1,4,61,D-4,50.5,0.5,51.0,
O_Mio_Babbino_Caro_Puccini_SSA_v2.mxl,P4-Staff1,1,67,G4,50.5,0.5,51.0,
O_Mio_Babbino_Caro_Puccini_SSA_v2.mxl,P4-Staff1,3,70,B-4,50.5,0.5,51.0,
O_Mio_Babbino_Caro_Puccini_SSA_v2.mxl,P4-Staff1,2,73,D-5,50.5,0.5,51.0,
O_Mio_Babbino_Caro_Puccini_SSA_v2.mxl,P4-Staff2,1,55,G3,50.5,0.25,50.75,
O_Mio_Babbino_Caro_Puccini_SSA_v2.mxl,Soprano i,1,73,D-5,50.5,0.5,51.0,
O_Mio_Babbino_Caro_Puccini_SSA_v2.mxl,P4-Staff2,1,51,E-3,50.75,0.25,51.0,
O_Mio_Babbino_Caro_Puccini_SSA_v2.mxl,Alto,1,67,G4,51.0,0.5,51.5,
O_Mio_Babbino_Caro_Puccini_SSA_v2.mxl,P4-Staff1,3,63,E-4,51.0,1.5,52.5,
O_Mio_Babbino_Caro_Puccini_SSA_v2.mxl,P4-Staff1,2,67,G4,51.0,1.5,52.5,
O_Mio_Babbino_Caro_Puccini_SSA_v2.mxl,P4-Staff1,1,72,C5,51.0,1.5,52.5,
O_Mio_Babbino_Caro_Puccini_SSA_v2.mxl,P4-Staff1,4,75,E-5,51.0,1.5,52.5,
O_Mio_Babbino_Caro_Puccini_SSA_v2.mxl,P4-Staff2,1,48,C3,51.0,0.25,51.25,
O_Mio_Babbino_Caro_Puccini_SSA_v2.mxl,Soprano 2,1,72,C5,51.0,0.5,51.5,
O_Mio_Babbino_Caro_Puccini_SSA_v2.mxl,Soprano i,1,75,E-5,51.0,1.5,52.5,
O_Mio_Babbino_Caro_Puccini_SSA_v2.mxl,P4-Staff2,1,51,E-3,51.25,0.25,51.5,
O_Mio_Babbino_Caro_Puccini_SSA_v2.mxl,Alto,1,60,C4,51.5,0.5,52.0,
O_Mio_Babbino_Caro_Puccini_SSA_v2.mxl,P4-Staff2,1,55,G3,51.5,0.25,51.75,
O_Mio_Babbino_Caro_Puccini_SSA_v2.mxl,Soprano 2,1,67,G4,51.5,0.5,52.0,
O_Mio_Babbino_Caro_Puccini_SSA_v2.mxl,P4-Staff2,1,60,C4,51.75,0.25,52.0,
O_Mio_Babbino_Caro_Puccini_SSA_v2.mxl,Alto,1,67,G4,52.0,0.5,52.5,
O_Mio_Babbino_Caro_Puccini_SSA_v2.mxl,P4-Staff2,1,55,G3,52.0,0.25,52.25,
O_Mio_Babbino_Caro_Puccini_SSA_v2.mxl,Soprano 2,1,72,C5,52.0,0.5,52.5,
O_Mio_Babbino_Caro_Puccini_SSA_v2.mxl,P4-Staff2,1,51,E-3,52.25,0.25,52.5,
O_Mio_Babbino_Caro_Puccini_SSA_v2.mxl,Alto,1,65,F4,52.5,0.5,53.0,
O_Mio_Babbino_Caro_Puccini_SSA_v2.mxl,P4-Staff1,4,60,C4,52.5,1.5,54.0,
O_Mio_Babbino_Caro_Puccini_SSA_v2.mxl,P4-Staff1,3,65,F4,52.5,1.5,54.0,
O_Mio_Babbino_Caro_Puccini_SSA_v2.mxl,P4-Staff1,2,68,A-4,52.5,1.5,54.0,
O_Mio_Babbino_Caro_Puccini_SSA_v2.mxl,P4-Staff1,1,72,C5,52.5,1.5,54.0,
O_Mio_Babbino_Caro_Puccini_SSA_v2.mxl,P4-Staff2,1,41,F2,52.5,0.25,52.75,
O_Mio_Babbino_Caro_Puccini_SSA_v2.mxl,Soprano 2,1,68,A-4,52.5,0.5,53.0,
O_Mio_Babbino_Caro_Puccini_SSA_v2.mxl,Soprano i,1,72,C5,52.5,1.5,54.0,
O_Mio_Babbino_Caro_Puccini_SSA_v2.mxl,P4-Staff2,1,48,C3,52.75,0.25,53.0,
O_Mio_Babbino_Caro_Puccini_SSA_v2.mxl,Alto,1,65,F4,53.0,0.5,53.5,
O_Mio_Babbino_Caro_Puccini_SSA_v2.mxl,P4-Staff2,1,53,F3,53.0,0.25,53.25,
O_Mio_Babbino_Caro_Puccini_SSA_v2.mxl,Soprano 2,1,68,A-4,53.0,0.5,53.5,
O_Mio_Babbino_Caro_Puccini_SSA_v2.mxl,P4-Staff2,1,56,A-3,53.25,0.25,53.5,
O_Mio_Babbino_Caro_Puccini_SSA_v2.mxl,P4-Staff2,1,53,F3,53.5,0.25,53.75,
O_Mio_Babbino_Caro_Puccini_SSA_v2.mxl,P4-Staff2,1,48,C3,53.75,0.25,54.0,
O_Mio_Babbino_Caro_Puccini_SSA_v2.mxl,Alto,1,61,D-4,54.0,1.5,55.5,start
O_Mio_Babbino_Caro_Puccini_SSA_v2.mxl,P4-Staff1,2,56,A-3,54.0,0.5,54.5,
O_Mio_Babbino_Caro_Puccini_SSA_v2.mxl,P4-Staff1,1,61,D-4,54.0,1.5,55.5,
O_Mio_Babbino_Caro_Puccini_SSA_v2.mxl,P4-Staff1,2,65,F4,54.0,1.5,55.5,
O_Mio_Babbino_Caro_Puccini_SSA_v2.mxl,P4-Staff1,1,68,A-4,54.0,0.5,54.5,
O_Mio_Babbino_Caro_Puccini_SSA_v2.mxl,P4-Staff2,1,37,D-2,54.0,0.25,54.25,
O_Mio_Babbino_Caro_Puccini_SSA_v2.mxl,Soprano 2,1,65,F4,54.0,0.5,54.5,
O_Mio_Babbino_Caro_Puccini_SSA_v2.mxl,Soprano i,1,68,A-4,54.0,0.5,54.5,
O_Mio_Babbino_Caro_Puccini_SSA_v2.mxl,P4-Staff2,1,44,A-2,54.25,0.25,54.5,
O_Mio_Babbino_Caro_Puccini_SSA_v2.mxl,P4-Staff1,2,58,B-3,54.5,0.5,55.0,
O_Mio_Babbino_Caro_Puccini_SSA_v2.mxl,P4-Staff1,1,70,B-4,54.5,0.5,55.0,
O_Mio_Babbino_Caro_Puccini_SSA_v2.mxl,P4-Staff2,1,49,D-3,54.5,0.25,54.75,
O_Mio_Babbino_Caro_Puccini_SSA_v2.mxl,Soprano 2,1,65,F4,54.5,0.5,55.0,
O_Mio_Babbino_Caro_Puccini_SSA_v2.mxl,Soprano i,1,70,B-4,54.5,0.5,55.0,
O_Mio_Babbino_Caro_Puccini_SSA_v2.mxl,P4-Staff2,1,53,F3,54.75,0.25,55.0,
O_Mio_Babbino_Caro_Puccini_SSA_v2.mxl,P4-Staff1,2,60,C4,55.0,0.5,55.5,
O_Mio_Babbino_Caro_Puccini_SSA_v2.mxl,P4-Staff1,1,72,C5,55.0,0.5,55.5,
O_Mio_Babbino_Caro_Puccini_SSA_v2.mxl,P4-Staff2,1,49,D-3,55.0,0.25,55.25,
O_Mio_Babbino_Caro_Puccini_SSA_v2.mxl,Soprano 2,1,65,F4,55.0,0.5,55.5,
O_Mio_Babbino_Caro_Puccini_SSA_v2.mxl,Soprano i,1,72,C5,55.0,0.5,55.5,
O_Mio_Babbino_Caro_Puccini_SSA_v2.mxl,P4-Staff2,1,44,A-2,55.25,0.25,55.5,
O_Mio_Babbino_Caro_Puccini_SSA_v2.mxl,Alto,1,61,D-4,55.5,1.0,56.5,stop
O_Mio_Babbino_Caro_Puccini_SSA_v2.mxl,P4-Staff1,1,56,A-3,55.5,1.0,56.5,
O_Mio_Babbino_Caro_Puccini_SSA_v2.mxl,P4-Staff1,3,61,D-4,55.5,1.0,56.5,
O_Mio_Babbino_Caro_Puccini_SSA_v2.mxl,P4-Staff1,4,65,F4,55.5,1.0,56.5,
O_Mio_Babbino_Caro_Puccini_SSA_v2.mxl,P4-Staff1,2,68,A-4,55.5,1.0,56.5,
O_Mio_Babbino_Caro_Puccini_SSA_v2.mxl,P4-Staff2,1,34,B-1,55.5,0.25,55.75,
O_Mio_Babbino_Caro_Puccini_SSA_v2.mxl,Soprano 2,1,65,F4,55.5,0.5,56.0,
O_Mio_Babbino_Caro_Puccini_SSA_v2.mxl,Soprano i,1,68,A-4,55.5,1.0,56.5,
O_Mio_Babbino_Caro_Puccini_SSA_v2.mxl,P4-Staff2,1,41,F2,55.75,0.25,56.0,
O_Mio_Babbino_Caro_Puccini_SSA_v2.mxl,P4-Staff2,1,46,B-2,56.0,0.25,56.25,
O_Mio_Babbino_Caro_Puccini_SSA_v2.mxl,Soprano 2,1,63,E-4,56.0,0.5,56.5,
O_Mio_Babbino_Caro_Puccini_SSA_v2.mxl,P4-Staff2,1,49,D-3,56.25,0.25,56.5,
O_Mio_Babbino_Caro_Puccini_SSA_v2.mxl,Alto,1,56,A-3,56.5,0.5,57.0,
O_Mio_Babbino_Caro_Puccini_SSA_v2.mxl,P4-Staff1,4,53,F3,56.5,0.5,57.0,
O_Mio_Babbino_Caro_Puccini_SSA_v2.mxl,P4-Staff1,1,56,A-3,56.5,0.5,57.0,
O_Mio_Babbino_Caro_Puccini_SSA_v2.mxl,P4-Staff1,3,61,D-4,56.5,0.5,57.0,
O_Mio_Babbino_Caro_Puccini_SSA_v2.mxl,P4-Staff1,2,65,F4,56.5,0.5,57.0,
O_Mio_Babbino_Caro_Puccini_SSA_v2.mxl,P4-Staff2,1,46,B-2,56.5,0.25,56.75,
O_Mio_Babbino_Caro_Puccini_SSA_v2.mxl,Soprano 2,1,61,D-4,56.5,0.5,57.0,
O_Mio_Babbino_Caro_Puccini_SSA_v2.mxl,Soprano i,1,65,F4,56.5,0.5,57.0,
O_Mio_Babbino_Caro_Puccini_SSA_v2.mxl,P4-Staff2,1,41,F2,56.75,0.25,57.0,
O_Mio_Babbino_Caro_Puccini_SSA_v2.mxl,Alto,1,60,C4,57.0,1.5,58.5,
O_Mio_Babbino_Caro_Puccini_SSA_v2.mxl,P4-Staff1,2,60,C4,57.0,1.5,58.5,start
O_Mio_Babbino_Caro_Puccini_SSA_v2.mxl,P4-Staff1,1,65,F4,57.0,1.5,58.5,start
O_Mio_Babbino_Caro_Puccini_SSA_v2.mxl,P4-Staff1,3,68,A-4,57.0,1.5,58.5,start
O_Mio_Babbino_Caro_Puccini_SSA_v2.mxl,P4-Staff2,1,41,F2,57.0,0.25,57.25,
O_Mio_Babbino_Caro_Puccini_SSA_v2.mxl,Soprano 2,1,65,F4,57.0,1.5,58.5,
O_Mio_Babbino_Caro_Puccini_SSA_v2.mxl,Soprano i,1,68,A-4,57.0,1.5,58.5,
O_Mio_Babbino_Caro_Puccini_SSA_v2.mxl,P4-Staff2,1,48,C3,57.25,0.25,57.5,
O_Mio_Babbino_Caro_Puccini_SSA_v2.mxl,P4-Staff2,1,53,F3,57.5,0.25,57.75,
O_Mio_Babbino_Caro_Puccini_SSA_v2.mxl,P4-Staff2,1,48,C3,57.75,0.25,58.0,
O_Mio_Babbino_Caro_Puccini_SSA_v2.mxl,P4-Staff2,1,53,F3,58.0,0.25,58.25,
O_Mio_Babbino_Caro_Puccini_SSA_v2.mxl,P4-Staff2,1,56,A-3,58.25,0.25,58.5,
O_Mio_Babbino_Caro_Puccini_SSA_v2.mxl,Alto,1,60,C4,58.5,0.5,59.0,
O_Mio_Babbino_Caro_Puccini_SSA_v2.mxl,P4-Staff1,2,60,C4,58.5,1.0,59.5,stop
O_Mio_Babbino_Caro_Puccini_SSA_v2.mxl,P4-Staff1,3,65,F4,58.5,1.0,59.5,stop
O_Mio_Babbino_Caro_Puccini_SSA_v2.mxl,P4-Staff1,1,68,A-4,58.5,1.0,59.5,stop
O_Mio_Babbino_Caro_Puccini_SSA_v2.mxl,P4-Staff2,1,60,C4,58.5,0.25,58.75,
O_Mio_Babbino_Caro_Puccini_SSA_v2.mxl,Soprano 2,1,65,F4,58.5,0.5,59.0,
O_Mio_Babbino_Caro_Puccini_SSA_v2.mxl,Soprano i,1,68,A-4,58.5,0.5,59.0,
O_Mio_Babbino_Caro_Puccini_SSA_v2.mxl,P4-Staff2,1,56,A-3,58.75,0.25,59.0,
O_Mio_Babbino_Caro_Puccini_SSA_v2.mxl,P4-Staff2,1,53,F3,59.0,0.25,59.25,
O_Mio_Babbino_Caro_Puccini_SSA_v2.mxl,P4-Staff2,1,56,A-3,59.25,0.25,59.5,
O_Mio_Babbino_Caro_Puccini_SSA_v2.mxl,Alto,1,68,A-4,59.5,0.5,60.0,
O_Mio_Babbino_Caro_Puccini_SSA_v2.mxl,P4-Staff1,2,77,F5,59.5,0.5,60.0,
O_Mio_Babbino_Caro_Puccini_SSA_v2.mxl,P4-Staff1,1,89,F6,59.5,0.5,60.0,
O_Mio_Babbino_Caro_Puccini_SSA_v2.mxl,P4-Staff2,1,53,F3,59.5,0.25,59.75,
O_Mio_Babbino_Caro_Puccini_SSA_v2.mxl,Soprano 2,1,72,C5,59.5,0.5,60.0,
O_Mio_Babbino_Caro_Puccini_SSA_v2.mxl,Soprano i,1,77,F5,59.5,0.5,60.0,
O_Mio_Babbino_Caro_Puccini_SSA_v2.mxl,P4-Staff2,1,48,C3,59.75,0.25,60.0,
O_Mio_Babbino_Caro_Puccini_SSA_v2.mxl,Alto,1,73,D-5,60.0,0.5,60.5,
O_Mio_Babbino_Caro_Puccini_SSA_v2.mxl,P4-Staff1,3,80,A-5,60.0,1.0,61.0,
O_Mio_Babbino_Caro_Puccini_SSA_v2.mxl,P4-Staff1,2,85,D-6,60.0,1.0,61.0,
O_Mio_Babbino_Caro_Puccini_SSA_v2.mxl,P4-Staff1,1,89,F6,60.0,1.0,61.0,
O_Mio_Babbino_Caro_Puccini_SSA_v2.mxl,P4-Staff1,4,92,A-6,60.0,1.0,61.0,
O_Mio_Babbino_Caro_Puccini_SSA_v2.mxl,P4-Staff2,1,46,B-2,60.0,0.25,60.25,
O_Mio_Babbino_Caro_Puccini_SSA_v2.mxl,Soprano 2,1,77,F5,60.0,0.5,60.5,
O_Mio_Babbino_Caro_Puccini_SSA_v2.mxl,Soprano i,1,80,A-5,60.0,1.0,61.0,
O_Mio_Babbino_Caro_Puccini_SSA_v2.mxl,P4-Staff2,1,53,F3,60.25,0.25,60.5,
O_Mio_Babbino_Caro_Puccini_SSA_v2.mxl,Alto,1,65,F4,60.5,0.5,61.0,
O_Mio_Babbino_Caro_Puccini_SSA_v2.mxl,P4-Staff2,1,56,A-3,60.5,0.25,60.75,
O_Mio_Babbino_Caro_Puccini_SSA_v2.mxl,Soprano 2,1,73,D-5,60.5,0.5,61.0,
O_Mio_Babbino_Caro_Puccini_SSA_v2.mxl,P4-Staff2,1,61,D-4,60.75,0.25,61.0,
O_Mio_Babbino_Caro_Puccini_SSA_v2.mxl,Alto,1,68,A-4,61.0,0.5,61.5,
O_Mio_Babbino_Caro_Puccini_SSA_v2.mxl,P4-Staff1,2,77,F5,61.0,0.5,61.5,
O_Mio_Babbino_Caro_Puccini_SSA_v2.mxl,P4-Staff1,1,89,F6,61.0,0.5,61.5,
O_Mio_Babbino_Caro_Puccini_SSA_v2.mxl,P4-Staff2,1,56,A-3,61.0,0.25,61.25,
O_Mio_Babbino_Caro_Puccini_SSA_v2.mxl,Soprano 2,1,73,D-5,61.0,0.5,61.5,
O_Mio_Babbino_Caro_Puccini_SSA_v2.mxl,Soprano i,1,77,F5,61.0,0.5,61.5,
O_Mio_Babbino_Caro_Puccini_SSA_v2.mxl,P4-Staff2,1,53,F3,61.25,0.25,61.5,
O_Mio_Babbino_Caro_Puccini_SSA_v2.mxl,Alto,1,67,G4,61.5,1.0,62.5,
O_Mio_Babbino_Caro_Puccini_SSA_v2.mxl,P4-Staff1,2,75,E-5,61.5,1.0,62.5,
O_Mio_Babbino_Caro_Puccini_SSA_v2.mxl,P4-Staff1,3,79,G5,61.5,1.0,62.5,
O_Mio_Babbino_Caro_Puccini_SSA_v2.mxl,P4-Staff1,4,82,B-5,61.5,1.0,62.5,
O_Mio_Babbino_Caro_Puccini_SSA_v2.mxl,P4-Staff1,1,87,E-6,61.5,1.0,62.5,
O_Mio_Babbino_Caro_Puccini_SSA_v2.mxl,P4-Staff2,1,51,E-3,61.5,0.25,61.75,
O_Mio_Babbino_Caro_Puccini_SSA_v2.mxl,Soprano 2,1,70,B-4,61.5,1.0,62.5,
O_Mio_Babbino_Caro_Puccini_SSA_v2.mxl,Soprano i,1,75,E-5,61.5,1.0,62.5,
O_Mio_Babbino_Caro_Puccini_SSA_v2.mxl,P4-Staff2,1,55,G3,61.75,0.25,62.0,
O_Mio_Babbino_Caro_Puccini_SSA_v2.mxl,P4-Staff2,1,58,B-3,62.0,0.25,62.25,
O_Mio_Babbino_Caro_Puccini_SSA_v2.mxl,P4-Staff2,1,61,D-4,62.25,0.25,62.5,
O_Mio_Babbino_Caro_Puccini_SSA_v2.mxl,Alto,1,67,G4,62.5,0.5,63.0,
O_Mio_Babbino_Caro_Puccini_SSA_v2.mxl,P4-Staff1,2,73,D-5,62.5,0.5,63.0,
O_Mio_Babbino_Caro_Puccini_SSA_v2.mxl,P4-Staff1,1,85,D-6,62.5,0.5,63.0,
O_Mio_Babbino_Caro_Puccini_SSA_v2.mxl,P4-Staff2,1,58,B-3,62.5,0.25,62.75,
O_Mio_Babbino_Caro_Puccini_SSA_v2.mxl,Soprano 2,1,70,B-4,62.5,0.5,63.0,
O_Mio_Babbino_Caro_Puccini_SSA_v2.mxl,Soprano i,1,73,D-5,62.5,0.5,63.0,
O_Mio_Babbino_Caro_Puccini_SSA_v2.mxl,P4-Staff2,1,55,G3,62.75,0.25,63.0,
O_Mio_Babbino_Caro_Puccini_SSA_v2.mxl,Alto,1,72,C5,63.0,0.5,63.5,
O_Mio_Babbino_Caro_Puccini_SSA_v2.mxl,P4-Staff1,3,80,A-5,63.0,1.0,64.0,
O_Mio_Babbino_Caro_Puccini_SSA_v2.mxl,P4-Staff1,2,87,E-6,63.0,1.0,64.0,
O_Mio_Babbino_Caro_Puccini_SSA_v2.mxl,P4-Staff1,1,92,A-6,63.0,1.0,64.0,
O_Mio_Babbino_Caro_Puccini_SSA_v2.mxl,P4-Staff2,1,48,C3,63.0,0.25,63.25,
O_Mio_Babbino_Caro_Puccini_SSA_v2.mxl,Soprano 2,1,75,E-5,63.0,0.5,63.5,
O_Mio_Babbino_Caro_Puccini_SSA_v2.mxl,Soprano i,1,80,A-5,63.0,1.0,64.0,
O_Mio_Babbino_Caro_Puccini_SSA_v2.mxl,P4-Staff2,1,51,E-3,63.25,0.25,63.5,
O_Mio_Babbino_Caro_Puccini_SSA_v2.mxl,Alto,1,63,E-4,63.5,0.5,64.0,
O_Mio_Babbino_Caro_Puccini_SSA_v2.mxl,P4-Staff2,1,56,A-3,63.5,0.25,63.75,
O_Mio_Babbino_Caro_Puccini_SSA_v2.mxl,Soprano 2,1,72,C5,63.5,0.5,64.0,
O_Mio_Babbino_Caro_Puccini_SSA_v2.mxl,P4-Staff1,2,75,E-5,63.75,0.5,64.25,
O_Mio_Babbino_Caro_Puccini_SSA_v2.mxl,P4-Staff1,3,80,A-5,63.75,0.5,64.25,
O_Mio_Babbino_Caro_Puccini_SSA_v2.mxl,P4-Staff1,1,87,E-6,63.75,0.5,64.25,
O_Mio_Babbino_Caro_Puccini_SSA_v2.mxl,P4-Staff2,1,60,C4,63.75,0.25,64.0,
O_Mio_Babbino_Caro_Puccini_SSA_v2.mxl,Alto,1,60,C4,64.0,0.5,64.5,
O_Mio_Babbino_Caro_Puccini_SSA_v2.mxl,P4-Staff2,1,56,A-3,64.0,0.25,64.25,
O_Mio_Babbino_Caro_Puccini_SSA_v2.mxl,Soprano 2,1,68,A-4,64.0,0.5,64.5,
O_Mio_Babbino_Caro_Puccini_SSA_v2.mxl,Soprano i,1,75,E-5,64.0,0.5,64.5,
O_Mio_Babbino_Caro_Puccini_SSA_v2.mxl,P4-Staff1,2,73,D-5,64.25,1.0,65.25,
O_Mio_Babbino_Caro_Puccini_SSA_v2.mxl,P4-Staff1,1,85,D-6,64.25,1.0,65.25,
O_Mio_Babbino_Caro_Puccini_SSA_v2.mxl,P4-Staff2,1,49,D-3,64.25,0.25,64.5,
O_Mio_Babbino_Caro_Puccini_SSA_v2.mxl,P4-Staff2,1,51,E-3,64.25,0.25,64.5,
O_Mio_Babbino_Caro_Puccini_SSA_v2.mxl,Alto,1,65,F4,64.5,1.0,65.5,
O_Mio_Babbino_Caro_Puccini_SSA_v2.mxl,P4-Staff1,1,80,A-5,64.5,1.5,66.0,
O_Mio_Babbino_Caro_Puccini_SSA_v2.mxl,P4-Staff2,1,41,F2,64.5,0.25,64.75,
O_Mio_Babbino_Caro_Puccini_SSA_v2.mxl,Soprano 2,1,68,A-4,64.5,1.0,65.5,
O_Mio_Babbino_Caro_Puccini_SSA_v2.mxl,Soprano i,1,73,D-5,64.5,1.0,65.5,
O_Mio_Babbino_Caro_Puccini_SSA_v2.mxl,P4-Staff2,1,53,F3,64.75,0.25,65.0,
O_Mio_Babbino_Caro_Puccini_SSA_v2.mxl,P4-Staff1,1,72,C5,65.25,0.5,65.75,
O_Mio_Babbino_Caro_Puccini_SSA_v2.mxl,P4-Staff1,2,84,C6,65.25,0.5,65.75,
O_Mio_Babbino_Caro_Puccini_SSA_v2.mxl,P4-Staff2,1,56,A-3,65.25,0.25,65.5,
O_Mio_Babbino_Caro_Puccini_SSA_v2.mxl,P4-Staff2,1,53,F3,65.5,0.25,65.75,
O_Mio_Babbino_Caro_Puccini_SSA_v2.mxl,Soprano i,1,72,C5,65.5,0.5,66.0,
O_Mio_Babbino_Caro_Puccini_SSA_v2.mxl,P4-Staff2,1,49,D-3,65.75,0.25,66.0,
O_Mio_Babbino_Caro_Puccini_SSA_v2.mxl,P4-Staff1,2,77,F5,66.0,3.0,69.0,start
O_Mio_Babbino_Caro_Puccini_SSA_v2.mxl,P4-Staff1,1,80,A-5,66.0,3.0,69.0,start
O_Mio_Babbino_Caro_Puccini_SSA_v2.mxl,P4-Staff1,1,84,C6,66.0,2.0,68.0,
O_Mio_Babbino_Caro_Puccini_SSA_v2.mxl,P4-Staff1,3,85,D-6,66.0,3.0,69.0,start
O_Mio_Babbino_Caro_Puccini_SSA_v2.mxl,P4-Staff1,4,89,F6,66.0,3.0,69.0,start
O_Mio_Babbino_Caro_Puccini_SSA_v2.mxl,P4-Staff2,1,46,B-2,66.0,0.25,66.25,
O_Mio_Babbino_Caro_Puccini_SSA_v2.mxl,Soprano i,1,77,F5,66.0,3.0,69.0,
O_Mio_Babbino_Caro_Puccini_SSA_v2.mxl,P4-Staff2,1,53,F3,66.25,0.25,66.5,
O_Mio_Babbino_Caro_Puccini_SSA_v2.mxl,P4-Staff2,1,56,A-3,66.5,0.25,66.75,
O_Mio_Babbino_Caro_Puccini_SSA_v2.mxl,P4-Staff2,1,61,D-4,66.75,0.25,67.0,
O_Mio_Babbino_Caro_Puccini_SSA_v2.mxl,P4-Staff2,1,65,F4,67.0,0.25,67.25,
O_Mio_Babbino_Caro_Puccini_SSA_v2.mxl,Soprano 2,1,73,D-5,67.0,0.5,67.5,
O_Mio_Babbino_Caro_Puccini_SSA_v2.mxl,P4-Staff2,1,56,A-3,67.25,0.25,67.5,
O_Mio_Babbino_Caro_Puccini_SSA_v2.mxl,P4-Staff2,1,61,D-4,67.5,0.25,67.75,
O_Mio_Babbino_Caro_Puccini_SSA_v2.mxl,Soprano 2,1,73,D-5,67.5,1.5,69.0,
O_Mio_Babbino_Caro_Puccini_SSA_v2.mxl,P4-Staff2,1,65,F4,67.75,0.25,68.0,
O_Mio_Babbino_Caro_Puccini_SSA_v2.mxl,P4-Staff2,1,68,A-4,68.0,0.25,68.25,
O_Mio_Babbino_Caro_Puccini_SSA_v2.mxl,P4-Staff2,1,61,D-4,68.25,0.25,68.5,
O_Mio_Babbino_Caro_Puccini_SSA_v2.mxl,Alto,1,68,A-4,68.5,0.5,69.0,
O_Mio_Babbino_Caro_Puccini_SSA_v2.mxl,P4-Staff2,1,65,F4,68.5,0.25,68.75,
O_Mio_Babbino_Caro_Puccini_SSA_v2.mxl,P4-Staff2,1,68,A-4,68.75,0.25,69.0,
O_Mio_Babbino_Caro_Puccini_SSA_v2.mxl,Alto,1,68,A-4,69.0,0.5,69.5,
O_Mio_Babbino_Caro_Puccini_SSA_v2.mxl,P4-Staff1,5,77,F5,69.0,1.0,70.0,stop
O_Mio_Babbino_Caro_Puccini_SSA_v2.mxl,P4-Staff1,4,80,A-5,69.0,1.0,70.0,stop
O_Mio_Babbino_Caro_Puccini_SSA_v2.mxl,P4-Staff1,1,84,C6,69.0,1.0,70.0,stop
O_Mio_Babbino_Caro_Puccini_SSA_v2.mxl,P4-Staff1,3,85,D-6,69.0,1.0,70.0,stop
O_Mio_Babbino_Caro_Puccini_SSA_v2.mxl,P4-Staff1,2,89,F6,69.0,1.0,70.0,stop
O_Mio_Babbino_Caro_Puccini_SSA_v2.mxl,P4-Staff2,1,73,D-5,69.0,0.25,69.25,
O_Mio_Babbino_Caro_Puccini_SSA_v2.mxl,Soprano 2,1,73,D-5,69.0,1.0,70.0,
O_Mio_Babbino_Caro_Puccini_SSA_v2.mxl,Soprano i,1,77,F5,69.0,1.0,70.0,
O_Mio_Babbino_Caro_Puccini_SSA_v2.mxl,P4-Staff2,1,68,A-4,69.25,0.25,69.5,
O_Mio_Babbino_Caro_Puccini_SSA_v2.mxl,Alto,1,68,A-4,69.5,0.5,70.0,
O_Mio_Babbino_Caro_Puccini_SSA_v2.mxl,P4-Staff2,1,65,F4,69.5,0.25,69.75,
O_Mio_Babbino_Caro_Puccini_SSA_v2.mxl,P4-Staff2,1,61,D-4,69.75,0.25,70.0,
O_Mio_Babbino_Caro_Puccini_SSA_v2.mxl,Alto,1,65,F4,70.0,0.5,70.5,
O_Mio_Babbino_Caro_Puccini_SSA_v2.mxl,P4-Staff1,1,73,D-5,70.0,0.5,70.5,
O_Mio_Babbino_Caro_Puccini_SSA_v2.mxl,P4-Staff1,2,85,D-6,70.0,0.5,70.5,
O_Mio_Babbino_Caro_Puccini_SSA_v2.mxl,P4-Staff2,1,56,A-3,70.0,0.25,70.25,
O_Mio_Babbino_Caro_Puccini_SSA_v2.mxl,Soprano 2,1,68,A-4,70.0,0.5,70.5,
O_Mio_Babbino_Caro_Puccini_SSA_v2.mxl,Soprano i,1,73,D-5,70.0,0.5,70.5,
O_Mio_Babbino_Caro_Puccini_SSA_v2.mxl,P4-Staff2,1,53,F3,70.25,0.25,70.5,
O_Mio_Babbino_Caro_Puccini_SSA_v2.mxl,Alto,1,63,E-4,70.5,1.0,71.5,
O_Mio_Babbino_Caro_Puccini_SSA_v2.mxl,P4-Staff1,2,72,C5,70.5,1.0,71.5,
O_Mio_Babbino_Caro_Puccini_SSA_v2.mxl,P4-Staff1,3,79,G5,70.5,1.0,71.5,
O_Mio_Babbino_Caro_Puccini_SSA_v2.mxl,P4-Staff1,1,84,C6,70.5,1.0,71.5,
O_Mio_Babbino_Caro_Puccini_SSA_v2.mxl,P4-Staff2,1,51,E-3,70.5,1.0,71.5,
O_Mio_Babbino_Caro_Puccini_SSA_v2.mxl,P4-Staff2,3,55,G3,70.5,1.0,71.5,
O_Mio_Babbino_Caro_Puccini_SSA_v2.mxl,P4-Staff2,2,61,D-4,70.5,1.0,71.5,
O_Mio_Babbino_Caro_Puccini_SSA_v2.mxl,Soprano 2,1,67,G4,70.5,1.0,71.5,
O_Mio_Babbino_Caro_Puccini_SSA_v2.mxl,Soprano i,1,72,C5,70.5,1.0,71.5,
O_Mio_Babbino_Caro_Puccini_SSA_v2.mxl,Alto,1,61,D-4,71.5,0.5,72.0,
O_Mio_Babbino_Caro_Puccini_SSA_v2.mxl,Soprano 2,1,67,G4,71.5,0.5,72.0,
O_Mio_Babbino_Caro_Puccini_SSA_v2.mxl,Soprano i,1,70,B-4,71.5,0.5,72.0,
O_Mio_Babbino_Caro_Puccini_SSA_v2.mxl,Alto,1,60,C4,72.0,1.5,73.5,
O_Mio_Babbino_Caro_Puccini_SSA_v2.mxl,P4-Staff1,2,68,A-4,72.0,1.5,73.5,
O_Mio_Babbino_Caro_Puccini_SSA_v2.mxl,P4-Staff1,1,72,C5,72.0,1.5,73.5,
O_Mio_Babbino_Caro_Puccini_SSA_v2.mxl,P4-Staff1,3,80,A-5,72.0,1.5,73.5,
O_Mio_Babbino_Caro_Puccini_SSA_v2.mxl,P4-Staff2,1,44,A-2,72.0,0.25,72.25,
O_Mio_Babbino_Caro_Puccini_SSA_v2.mxl,Soprano 2,1,63,E-4,72.0,1.5,73.5,
O_Mio_Babbino_Caro_Puccini_SSA_v2.mxl,Soprano i,1,68,A-4,72.0,1.5,73.5,
O_Mio_Babbino_Caro_Puccini_SSA_v2.mxl,P4-Staff2,1,48,C3,72.25,0.25,72.5,
O_Mio_Babbino_Caro_Puccini_SSA_v2.mxl,P4-Staff2,1,51,E-3,72.5,0.25,72.75,
O_Mio_Babbino_Caro_Puccini_SSA_v2.mxl,P4-Staff2,1,56,A-3,72.75,0.25,73.0,
O_Mio_Babbino_Caro_Puccini_SSA_v2.mxl,P4-Staff2,1,60,C4,73.0,0.25,73.25,
O_Mio_Babbino_Caro_Puccini_SSA_v2.mxl,P4-Staff2,1,63,E-4,73.25,0.25,73.5,
O_Mio_Babbino_Caro_Puccini_SSA_v2.mxl,P4-Staff1,1,72,C5,73.5,1.0,74.5,
O_Mio_Babbino_Caro_Puccini_SSA_v2.mxl,P4-Staff1,2,84,C6,73.5,1.0,74.5,
O_Mio_Babbino_Caro_Puccini_SSA_v2.mxl,P4-Staff2,1,68,A-4,73.5,0.25,73.75,
O_Mio_Babbino_Caro_Puccini_SSA_v2.mxl,P4-Staff2,1,63,E-4,73.75,0.25,74.0,
O_Mio_Babbino_Caro_Puccini_SSA_v2.mxl,P4-Staff2,1,60,C4,74.0,0.25,74.25,
O_Mio_Babbino_Caro_Puccini_SSA_v2.mxl,P4-Staff2,1,56,A-3,74.25,0.25,74.5,
O_Mio_Babbino_Caro_Puccini_SSA_v2.mxl,P4-Staff1,1,67,G4,74.5,0.5,75.0,
O_Mio_Babbino_Caro_Puccini_SSA_v2.mxl,P4-Staff1,2,79,G5,74.5,0.5,75.0,
O_Mio_Babbino_Caro_Puccini_SSA_v2.mxl,P4-Staff2,1,51,E-3,74.5,0.25,74.75,
O_Mio_Babbino_Caro_Puccini_SSA_v2.mxl,P4-Staff2,1,48,C3,74.75,0.25,75.0,
O_Mio_Babbino_Caro_Puccini_SSA_v2.mxl,P4-Staff1,1,65,F4,75.0,1.0,76.0,
O_Mio_Babbino_Caro_Puccini_SSA_v2.mxl,P4-Staff1,1,68,A-4,75.0,3.0,78.0,
O_Mio_Babbino_Caro_Puccini_SSA_v2.mxl,P4-Staff1,2,72,C5,75.0,3.0,78.0,
O_Mio_Babbino_Caro_Puccini_SSA_v2.mxl,P4-Staff1,2,77,F5,75.0,1.0,76.0,
O_Mio_Babbino_Caro_Puccini_SSA_v2.mxl,P4-Staff2,1,36,C2,75.0,0.16666666666666666,75.16666666666667,
O_Mio_Babbino_Caro_Puccini_SSA_v2.mxl,P4-Staff2,1,44,A-2,75.16666666666667,0.16666666666666666,75.33333333333334,
O_Mio_Babbino_Caro_Puccini_SSA_v2.mxl,P4-Staff2,1,48,C3,75.33333333333333,0.16666666666666666,75.5,
O_Mio_Babbino_Caro_Puccini_SSA_v2.mxl,P4-Staff2,1,51,E-3,75.5,0.16666666666666666,75.66666666666667,
O_Mio_Babbino_Caro_Puccini_SSA_v2.mxl,P4-Staff2,1,56,A-3,75.66666666666667,0.16666666666666666,75.83333333333334,
O_Mio_Babbino_Caro_Puccini_SSA_v2.mxl,P4-Staff2,1,60,C4,75.83333333333333,0.16666666666666666,76.0,
O_Mio_Babbino_Caro_Puccini_SSA_v2.mxl,P4-Staff1,2,63,E-4,76.0,1.5,77.5,
O_Mio_Babbino_Caro_Puccini_SSA_v2.mxl,P4-Staff1,1,75,E-5,76.0,1.5,77.5,
O_Mio_Babbino_Caro_Puccini_SSA_v2.mxl,P4-Staff2,1,60,C4,76.25,0.25,76.5,
O_Mio_Babbino_Caro_Puccini_SSA_v2.mxl,P4-Staff2,1,56,A-3,76.5,0.25,76.75,
O_Mio_Babbino_Caro_Puccini_SSA_v2.mxl,P4-Staff2,1,51,E-3,76.75,0.25,77.0,
O_Mio_Babbino_Caro_Puccini_SSA_v2.mxl,P4-Staff2,1,48,C3,77.0,0.25,77.25,
O_Mio_Babbino_Caro_Puccini_SSA_v2.mxl,P4-Staff2,1,51,E-3,77.25,0.25,77.5,
O_Mio_Babbino_Caro_Puccini_SSA_v2.mxl,Alto,1,60,C4,78.0,1.5,79.5,
O_Mio_Babbino_Caro_Puccini_SSA_v2.mxl,P4-Staff1,1,68,A-4,78.0,0.5,78.5,
O_Mio_Babbino_Caro_Puccini_SSA_v2.mxl,P4-Staff1,1,80,A-5,78.0,1.0,79.0,
O_Mio_Babbino_Caro_Puccini_SSA_v2.mxl,P4-Staff1,2,80,A-5,78.0,0.5,78.5,
O_Mio_Babbino_Caro_Puccini_SSA_v2.mxl,P4-Staff2,1,44,A-2,78.0,0.25,78.25,
O_Mio_Babbino_Caro_Puccini_SSA_v2.mxl,Soprano i,1,68,A-4,78.0,0.5,78.5,
O_Mio_Babbino_Caro_Puccini_SSA_v2.mxl,P4-Staff2,1,51,E-3,78.25,0.25,78.5,
O_Mio_Babbino_Caro_Puccini_SSA_v2.mxl,P4-Staff1,1,70,B-4,78.5,0.5,79.0,
O_Mio_Babbino_Caro_Puccini_SSA_v2.mxl,P4-Staff1,2,82,B-5,78.5,0.5,79.0,
O_Mio_Babbino_Caro_Puccini_SSA_v2.mxl,P4-Staff2,1,56,A-3,78.5,0.25,78.75,
O_Mio_Babbino_Caro_Puccini_SSA_v2.mxl,Soprano i,1,70,B-4,78.5,0.5,79.0,
O_Mio_Babbino_Caro_Puccini_SSA_v2.mxl,P4-Staff2,1,60,C4,78.75,0.25,79.0,
O_Mio_Babbino_Caro_Puccini_SSA_v2.mxl,P4-Staff1,3,72,C5,79.0,0.5,79.5,
O_Mio_Babbino_Caro_Puccini_SSA_v2.mxl,P4-Staff1,2,79,G5,79.0,0.5,79.5,
O_Mio_Babbino_Caro_Puccini_SSA_v2.mxl,P4-Staff1,1,84,C6,79.0,0.5,79.5,
O_Mio_Babbino_Caro_Puccini_SSA_v2.mxl,P4-Staff2,1,56,A-3,79.0,0.25,79.25,
O_Mio_Babbino_Caro_Puccini_SSA_v2.mxl,Soprano i,1,72,C5,79.0,0.5,79.5,
O_Mio_Babbino_Caro_Puccini_SSA_v2.mxl,P4-Staff2,1,51,E-3,79.25,0.25,79.5,
O_Mio_Babbino_Caro_Puccini_SSA_v2.mxl,Alto,1,60,C4,79.5,1.0,80.5,
O_Mio_Babbino_Caro_Puccini_SSA_v2.mxl,P4-Staff1,3,68,A-4,79.5,1.0,80.5,
O_Mio_Babbino_Caro_Puccini_SSA_v2.mxl,P4-Staff1,1,77,F5,79.5,1.0,80.5,
O_Mio_Babbino_Caro_Puccini_SSA_v2.mxl,P4-Staff1,2,80,A-5,79.5,1.0,80.5,
O_Mio_Babbino_Caro_Puccini_SSA_v2.mxl,P4-Staff2,1,39,E-2,79.5,0.25,79.75,
O_Mio_Babbino_Caro_Puccini_SSA_v2.mxl,Soprano 2,1,65,F4,79.5,0.5,80.0,
O_Mio_Babbino_Caro_Puccini_SSA_v2.mxl,Soprano i,1,68,A-4,79.5,1.0,80.5,
O_Mio_Babbino_Caro_Puccini_SSA_v2.mxl,P4-Staff2,1,48,C3,79.75,0.25,80.0,
O_Mio_Babbino_Caro_Puccini_SSA_v2.mxl,P4-Staff2,1,51,E-3,80.0,0.25,80.25,
O_Mio_Babbino_Caro_Puccini_SSA_v2.mxl,Soprano 2,1,65,F4,80.0,0.5,80.5,
O_Mio_Babbino_Caro_Puccini_SSA_v2.mxl,P4-Staff2,1,56,A-3,80.25,0.25,80.5,
O_Mio_Babbino_Caro_Puccini_SSA_v2.mxl,Alto,1,72,C5,80.5,0.5,81.0,
O_Mio_Babbino_Caro_Puccini_SSA_v2.mxl,P4-Staff1,3,80,A-5,80.5,0.5,81.0,
O_Mio_Babbino_Caro_Puccini_SSA_v2.mxl,P4-Staff1,1,84,C6,80.5,0.5,81.0,
O_Mio_Babbino_Caro_Puccini_SSA_v2.mxl,P4-Staff1,2,92,A-6,80.5,0.5,81.0,
O_Mio_Babbino_Caro_Puccini_SSA_v2.mxl,P4-Staff2,1,51,E-3,80.5,0.25,80.75,
O_Mio_Babbino_Caro_Puccini_SSA_v2.mxl,Soprano 2,1,75,E-5,80.5,0.5,81.0,
O_Mio_Babbino_Caro_Puccini_SSA_v2.mxl,Soprano i,1,80,A-5,80.5,0.5,81.0,
O_Mio_Babbino_Caro_Puccini_SSA_v2.mxl,P4-Staff2,1,56,A-3,80.75,0.25,81.0,
O_Mio_Babbino_Caro_Puccini_SSA_v2.mxl,Alto,1,68,A-4,81.0,1.5,82.5,start
O_Mio_Babbino_Caro_Puccini_SSA_v2.mxl,P4-Staff1,2,75,E-5,81.0,3.0,84.0,
O_Mio_Babbino_Caro_Puccini_SSA_v2.mxl,P4-Staff1,1,80,A-5,81.0,3.0,84.0,
O_Mio_Babbino_Caro_Puccini_SSA_v2.mxl,P4-Staff1,3,87,E-6,81.0,3.0,84.0,
O_Mio_Babbino_Caro_Puccini_SSA_v2.mxl,P4-Staff2,1,48,C3,81.0,0.25,81.25,
O_Mio_Babbino_Caro_Puccini_SSA_v2.mxl,Soprano 2,1,72,C5,81.0,1.5,82.5,start
O_Mio_Babbino_Caro_Puccini_SSA_v2.mxl,Soprano i,1,75,E-5,81.0,1.5,82.5,start
O_Mio_Babbino_Caro_Puccini_SSA_v2.mxl,P4-Staff2,1,51,E-3,81.25,0.25,81.5,
O_Mio_Babbino_Caro_Puccini_SSA_v2.mxl,P4-Staff2,1,56,A-3,81.5,0.25,81.75,
O_Mio_Babbino_Caro_Puccini_SSA_v2.mxl,P4-Staff2,1,60,C4,81.75,0.25,82.0,
O_Mio_Babbino_Caro_Puccini_SSA_v2.mxl,P4-Staff2,1,63,E-4,82.0,0.25,82.25,
O_Mio_Babbino_Caro_Puccini_SSA_v2.mxl,P4-Staff1,1,68,A-4,82.25,0.25,82.5,
O_Mio_Babbino_Caro_Puccini_SSA_v2.mxl,Alto,1,68,A-4,82.5,1.5,84.0,stop
O_Mio_Babbino_Caro_Puccini_SSA_v2.mxl,P4-Staff1,1,72,C5,82.5,0.25,82.75,
O_Mio_Babbino_Caro_Puccini_SSA_v2.mxl,Soprano 2,1,72,C5,82.5,1.5,84.0,stop
O_Mio_Babbino_Caro_Puccini_SSA_v2.mxl,Soprano i,1,75,E-5,82.5,1.5,84.0,stop
O_Mio_Babbino_Caro_Puccini_SSA_v2.mxl,P4-Staff1,1,75,E-5,82.75,0.25,83.0,
O_Mio_Babbino_Caro_Puccini_SSA_v2.mxl,P4-Staff1,1,80,A-5,83.0,0.25,83.25,
O_Mio_Babbino_Caro_Puccini_SSA_v2.mxl,P4-Staff1,1,84,C6,83.25,0.25,83.5,
O_Mio_Babbino_Caro_Puccini_SSA_v2.mxl,P4-Staff1,1,87,E-6,83.5,0.25,83.75,
O_Mio_Babbino_Caro_Puccini_SSA_v2.mxl,P4-Staff1,1,92,A-6,83.75,0.25,84.0,
O_Mio_Babbino_Caro_Puccini_SSA_v2.mxl,Alto,1,61,D-4,84.0,0.5,84.5,
O_Mio_Babbino_Caro_Puccini_SSA_v2.mxl,P4-Staff1,2,56,A-3,84.0,0.5,84.5,
O_Mio_Babbino_Caro_Puccini_SSA_v2.mxl,P4-Staff1,1,61,D-4,84.0,0.5,84.5,
O_Mio_Babbino_Caro_Puccini_SSA_v2.mxl,P4-Staff1,3,65,F4,84.0,0.5,84.5,
O_Mio_Babbino_Caro_Puccini_SSA_v2.mxl,P4-Staff1,4,68,A-4,84.0,0.5,84.5,
O_Mio_Babbino_Caro_Puccini_SSA_v2.mxl,P4-Staff2,2,37,D-2,84.0,0.5,84.5,
O_Mio_Babbino_Caro_Puccini_SSA_v2.mxl,P4-Staff2,1,49,D-3,84.0,0.5,84.5,
O_Mio_Babbino_Caro_Puccini_SSA_v2.mxl,Soprano 2,1,65,F4,84.0,0.5,84.5,
O_Mio_Babbino_Caro_Puccini_SSA_v2.mxl,Soprano i,1,68,A-4,84.0,0.5,84.5,
O_Mio_Babbino_Caro_Puccini_SSA_v2.mxl,Alto,1,61,D-4,84.5,0.5,85.0,
O_Mio_Babbino_Caro_Puccini_SSA_v2.mxl,Soprano 2,1,65,F4,84.5,0.5,85.0,
O_Mio_Babbino_Caro_Puccini_SSA_v2.mxl,Soprano i,1,70,B-4,84.5,0.5,85.0,
O_Mio_Babbino_Caro_Puccini_SSA_v2.mxl,Alto,1,61,D-4,85.0,0.5,85.5,
O_Mio_Babbino_Caro_Puccini_SSA_v2.mxl,P4-Staff2,2,36,C2,85.0,0.5,85.5,
O_Mio_Babbino_Caro_Puccini_SSA_v2.mxl,P4-Staff2,1,48,C3,85.0,0.5,85.5,
O_Mio_Babbino_Caro_Puccini_SSA_v2.mxl,Soprano 2,1,65,F4,85.0,0.5,85.5,
O_Mio_Babbino_Caro_Puccini_SSA_v2.mxl,Soprano i,1,72,C5,85.0,0.5,85.5,
O_Mio_Babbino_Caro_Puccini_SSA_v2.mxl,Alto,1,61,D-4,85.5,1.0,86.5,
O_Mio_Babbino_Caro_Puccini_SSA_v2.mxl,P4-Staff2,2,34,B-1,85.5,0.5,86.0,
O_Mio_Babbino_Caro_Puccini_SSA_v2.mxl,P4-Staff2,1,46,B-2,85.5,0.5,86.0,
O_Mio_Babbino_Caro_Puccini_SSA_v2.mxl,Soprano 2,1,65,F4,85.5,1.0,86.5,
O_Mio_Babbino_Caro_Puccini_SSA_v2.mxl,Soprano i,1,68,A-4,85.5,1.0,86.5,
O_Mio_Babbino_Caro_Puccini_SSA_v2.mxl,Alto,1,58,B-3,86.5,0.5,87.0,
O_Mio_Babbino_Caro_Puccini_SSA_v2.mxl,P4-Staff1,4,53,F3,86.5,0.5,87.0,
O_Mio_Babbino_Caro_Puccini_SSA_v2.mxl,P4-Staff1,3,56,A-3,86.5,0.5,87.0,
O_Mio_Babbino_Caro_Puccini_SSA_v2.mxl,P4-Staff1,1,61,D-4,86.5,0.5,87.0,
O_Mio_Babbino_Caro_Puccini_SSA_v2.mxl,P4-Staff1,2,65,F4,86.5,0.5,87.0,
O_Mio_Babbino_Caro_Puccini_SSA_v2.mxl,Soprano 2,1,61,D-4,86.5,0.5,87.0,
O_Mio_Babbino_Caro_Puccini_SSA_v2.mxl,Soprano i,1,65,F4,86.5,0.5,87.0,
O_Mio_Babbino_Caro_Puccini_SSA_v2.mxl,Alto,1,60,C4,87.0,1.5,88.5,
O_Mio_Babbino_Caro_Puccini_SSA_v2.mxl,P4-Staff1,2,56,A-3,87.0,3.0,90.0,
O_Mio_Babbino_Caro_Puccini_SSA_v2.mxl,P4-Staff1,1,60,C4,87.0,3.0,90.0,
O_Mio_Babbino_Caro_Puccini_SSA_v2.mxl,P4-Staff1,3,63,E-4,87.0,3.0,90.0,
O_Mio_Babbino_Caro_Puccini_SSA_v2.mxl,P4-Staff1,4,68,A-4,87.0,3.0,90.0,
O_Mio_Babbino_Caro_Puccini_SSA_v2.mxl,P4-Staff2,1,32,A-1,87.0,3.0,90.0,
O_Mio_Babbino_Caro_Puccini_SSA_v2.mxl,P4-Staff2,2,44,A-2,87.0,3.0,90.0,
O_Mio_Babbino_Caro_Puccini_SSA_v2.mxl,Soprano 2,1,63,E-4,87.0,1.5,88.5,
O_Mio_Babbino_Caro_Puccini_SSA_v2.mxl,Soprano i,1,68,A-4,87.0,1.5,88.5,
O_Mio_Babbino_Caro_Puccini_SSA_v2.mxl,P4-Staff2,1,48,C3,87.25,0.25,87.5,
O_Mio_Babbino_Caro_Puccini_SSA_v2.mxl,P4-Staff2,1,51,E-3,87.5,0.25,87.75,
O_Mio_Babbino_Caro_Puccini_SSA_v2.mxl,P4-Staff1,1,60,C4,87.75,0.25,88.0,
O_Mio_Babbino_Caro_Puccini_SSA_v2.mxl,P4-Staff1,1,63,E-4,87.75,0.25,88.0,
O_Mio_Babbino_Caro_Puccini_SSA_v2.mxl,P4-Staff2,1,56,A-3,87.75,0.25,88.0,
O_Mio_Babbino_Caro_Puccini_SSA_v2.mxl,P4-Staff1,1,60,C4,89.75,0.25,90.0,
O_Mio_Babbino_Caro_Puccini_SSA_v2.mxl,P4-Staff1,2,63,E-4,89.75,0.25,90.0,
O_Mio_Babbino_Caro_Puccini_SSA_v2.mxl,P4-Staff1,1,68,A-4,89.75,0.25,90.0,
O_Mio_Babbino_Caro_Puccini_SSA_v2.mxl,P4-Staff1,2,68,A-4,89.75,0.25,90.0,
O_Mio_Babbino_Caro_Puccini_SSA_v2.mxl,P4-Staff1,2,68,A-4,89.75,0.25,90.0,
O_Mio_Babbino_Caro_Puccini_SSA_v2.mxl,P4-Staff1,1,72,C5,89.75,0.25,90.0,
O_Mio_Babbino_Caro_Puccini_SSA_v2.mxl,P4-Staff1,1,75,E-5,89.75,0.25,90.0,
O_Mio_Babbino_Caro_Puccini_SSA_v2.mxl,P4-Staff2,1,51,E-3,89.75,0.25,90.0,
O_Mio_Babbino_Caro_Puccini_SSA_v2.mxl,P4-Staff2,2,56,A-3,89.75,0.25,90.0,
O_Mio_Babbino_Caro_Puccini_SSA_v2.mxl,P4-Staff2,2,60,C4,89.75,0.25,90.0,
O_Mio_Babbino_Caro_Puccini_SSA_v2.mxl,P4-Staff2,1,63,E-4,89.75,0.25,90.0,
O_Mio_Babbino_Caro_Puccini_SSA_v2.mxl,P4-Staff1,5,72,C5,90.0,0.75,90.75,start
O_Mio_Babbino_Caro_Puccini_SSA_v2.mxl,P4-Staff1,4,80,A-5,90.0,0.75,90.75,start
O_Mio_Babbino_Caro_Puccini_SSA_v2.mxl,P4-Staff1,3,84,C6,90.0,0.75,90.75,start
O_Mio_Babbino_Caro_Puccini_SSA_v2.mxl,P4-Staff1,2,87,E-6,90.0,0.75,90.75,start
O_Mio_Babbino_Caro_Puccini_SSA_v2.mxl,P4-Staff1,1,92,A-6,90.0,0.75,90.75,start
O_Mio_Babbino_Caro_Puccini_SSA_v2.mxl,P4-Staff2,2,32,A-1,90.0,0.5,90.5,
O_Mio_Babbino_Caro_Puccini_SSA_v2.mxl,P4-Staff2,1,44,A-2,90.0,0.5,90.5,
O_Mio_Babbino_Caro_Puccini_SSA_v2.mxl,P4-Staff1,1,80,A-5,90.75,0.5,91.25,stop
O_Mio_Babbino_Caro_Puccini_SSA_v2.mxl,P4-Staff1,4,84,C6,90.75,0.5,91.25,stop
O_Mio_Babbino_Caro_Puccini_SSA_v2.mxl,P4-Staff1,3,87,E-6,90.75,0.5,91.25,stop
O_Mio_Babbino_Caro_Puccini_SSA_v2.mxl,P4-Staff1,2,92,A-6,90.75,0.5,91.25,stop
